item	gloss	aspect	frequency	rel_freq	flexibility	flexibility_broad	definite	ger	inf	mod	pred	precxn	ref	mod_rel	pred_rel	ref_rel	pred_rel_broad	ref_rel_broad	dispersion	dispersion_ref	dispersion_pred	dispersion_mod	dispersion_ref_broad	dispersion_pred_broad	dispersion_norm	dispersion_ref_norm	dispersion_pred_norm	dispersion_mod_norm	language
able		NA	1207	0.370815840933215	0	0.0247453768964419	0	0	0	5	0	1185	0	0.00153610538911854	0	0	0.364056977221093	0	0.650233470265482	1	1	0.997967425349116	1	0.653514715102131	0.650258441902906	1	1	0.998005751399444	English
ahead		NA	427	0.131183400230723	0	0	0	0	0	0	0	24	0	0	0	0	0.00737330586776898	0	0.849686276375815	1	1	1	1	0.987101015826493	0.849718907820654	1	1	1	English
anything		NA	2458	0.755149409290673	0	0	0	0	0	0	0	38	2081	0	0	0.639327062951135	0.0116744009573009	0	0.448835778163799	0.487551877078452	1	1	1	0.981557211477164	0.448853015302192	0.487570601074149	1	1	English
area		NA	1544	0.474349344159804	0.026545672913684	0	0	0	0	7	0	0	1526	0.00215054754476595	0	0.468819364758977	0	0	0.652263708568621	0.655595601802917	1	0.996847604520449	1	1	0.652288758175538	0.655620779368227	1	0.996885887565055	English
away		NA	1208	0.371123062011038	0	0	0	0	0	0	0	100	5	0	0	0.00153610538911854	0.0307221077823707	0	0.635502701220982	0.996509354113765	1	1	1	0.958601038100022	0.635527107136337	0.996547624168165	1	1	English
back		NA	3757	1.15422958938367	0.843791017283044	0.708589371748413	0	5	8	143	54	247	272	0.0439326141287901	0.0165899382024802	0.0835641331680484	0.0758836062224557	0.00399387401170819	0.410845134401654	0.886080932287659	0.973802951472893	0.940989897034853	0.991737903554085	0.902142098965125	0.410860912543203	0.88611496143685	0.973840349508118	0.941026034913942	English
believe		NA	1014	0.311522172913239	0.0136631507870409	0.134753860259217	0	3	54	2	953	0	0	0.000614442155647415	0.292781687165993	0	0	0.0175116014359513	0.709492936791998	1	0.723246800164733	0.998556982597459	0.969883424962019	1	0.709520184236466	1	0.723274575814076	0.998595331289208	English
best		NA	777	0.238710777469021	0.536674074087284	0.158307412787203	0	0	0	526	0	23	201	0.16159828693527	0	0.0617514366425652	0.00706608478994527	0	0.742383092430788	0.915192543129999	1	0.807316971100851	1	0.990019001623662	0.742411602992395	0.915227690284681	1	0.807347975390249	English
big		NA	2701	0.829804131201833	0.0456401067437152	0.280833983040675	0	0	0	2381	0	243	21	0.731493386298247	0	0.00645164263429785	0.0746547219111609	0	0.473642959869163	0.991332371731359	1	0.489116132875109	1	0.902441946737081	0.47366114970528	0.99137044296836	1	0.489134916944657	English
bill		NA	328	0.100768513526176	0.126578593639554	0	0	4	0	0	10	0	310	0	0.00307221077823707	0.0952385341253493	0	0.00122888431129483	0.920329586772288	0.923138509086831	0.997180939389888	1	0.999073421229283	1	0.920364931210558	0.923173961399261	0.997219235235922	1	English
business		NA	629	0.193242057951112	0.517445469936257	0.0843540213567315	0	0	0	158	0	3	460	0.0485409302961458	0	0.141321695798905	0.000921663233471122	0	0.817616671044565	0.852200531078383	1	0.945066413516497	1	0.999118582727722	0.817648070884767	0.852233259080935	1	0.945102707950571	English
central		NA	53	0.0162827171246565	0.0906811169816236	0.0906811169816236	0	0	0	48	0	1	1	0.014746611735538	0	0.000307221077823707	0.000307221077823707	0	0.976731075565631	0.999329643608186	1	0.978251512679781	1	0.999695851132954	0.976768586052855	0.999368021973293	1	0.978289081558038	English
certain		NA	733	0.225193050044777	0.0176593690642687	0.101412840633109	0	0	0	706	0	17	2	0.216898080943537	0	0.000614442155647415	0.00522275832300302	0	0.767378876167316	0.999330258050345	1	0.775272107035858	1	0.992820550632336	0.76740834666974	0.999368636439049	1	0.775301880670785	English
child		NA	2551	0.783720969528277	0.325933870185556	0.0668082178175547	0	0	0	283	0	4	2165	0.0869435650241092	0	0.665133633488326	0.00122888431129483	0	0.676753083542039	0.682202602431436	1	0.953526974778685	1	0.997796610429847	0.676779073641595	0.682228801814913	1	0.95356359413308	English
come		NA	5446	1.67312598982791	0.254901809488401	0.600263362953761	0	0	446	263	4528	0	64	0.080799143467635	1.39109704038575	0.0196621489807173	0	0.137020600709373	0.329770483216632	0.968635800164976	0.35081738311789	0.880793613488232	0.814628331620576	1	0.329783147758395	0.968672999760356	0.350830855947102	0.880827439582653	English
consider		NA	474	0.145622790888437	0.0582204611797363	0.739668715059105	0	10	32	4	336	60	0	0.00122888431129483	0.103226282148766	0	0.0184332646694224	0.0129032852685957	0.833807529066953	1	0.873857790435285	0.998196612273173	0.980727100124885	0.975563021027746	0.833839550702641	1	0.873891350165597	0.99823494712522	English
day		NA	3082	0.946855361852666	0.329365591182295	0	0	0	0	343	0	0	2577	0.105376829693532	0	0.791708717551694	0	0	0.47849104543811	0.491000791670092	1	0.94453399938863	1	1	0.478509421460637	0.491019648118283	1	0.944570273375813	English
decide		NA	789	0.242397430402905	0.0972486447571249	0.365496215449013	0	13	94	10	652	3	3	0.00307221077823707	0.200308142741057	0.000921663233471122	0.000921663233471122	0.0328726553271367	0.751877725590494	0.998588011926321	0.78004324909435	0.996445452129579	0.959597970497559	0.998567120893029	0.751906600785033	0.998626361809724	0.780073205960739	0.99648371972988	English
different		NA	2130	0.654380895764497	0.0117407867756849	0.417736414994852	0	0	0	1705	0	354	3	0.523811937689421	0	0.000921663233471122	0.108756261549592	0	0.524373615706715	0.998608902959612	1	0.579575272445746	1	0.856254329897065	0.524393753808496	0.998647253645316	1	0.579597530517999	English
difficult		NA	380	0.116744009573009	0	0.375787180672831	0	0	0	54	0	320	0	0.0165899382024802	0	0	0.0983107449035864	0	0.867740711554738	1	1	0.977600203994795	1	0.885929428246213	0.867774036364083	1	1	0.977637747860122	English
door		NA	430	0.132105063464194	0.0926853071860426	0	0	0	0	9	0	0	420	0.00276498970041337	0	0.129032852685957	0	0	0.865849458599655	0.868033186020826	1	0.996465114278559	1	1	0.865882710777114	0.868066522062393	1	0.996503382633968	English
down		NA	3369	1.03502781118807	0.277291725653789	0.142584280773192	0	0	0	10	0	264	1	0.00307221077823707	0	0.000307221077823707	0.0811063645454587	0	0.456554751075413	0.999255910549508	1	0.995185231268345	1	0.891468317058296	0.456572284654088	0.999294286082963	1	0.995223450470986	English
end		NA	1368	0.420278434462832	0.720947054320118	0.629150783340646	0	13	17	34	693	0	604	0.010445516646006	0.212904206931829	0.185561531005519	0	0.00921663233471122	0.613569033344241	0.780725812237849	0.766433994578824	0.987008542282068	0.983664440849956	1	0.613592596916612	0.780755795317469	0.766463428793913	0.987046447466249	English
enjoy		NA	1565	0.480800986794102	0.00508625672615878	0.137709212936122	0	19	48	1	1485	1	0	0.000307221077823707	0.456223300568205	0	0.000307221077823707	0.0205838122141884	0.677113095160535	1	0.685818940374952	0.999330872492497	0.969659768017363	0.999768048086242	0.677139099086017	1	0.685845278640668	0.999369250904798	English
everybody		NA	1228	0.377267483567513	0.302040907067608	0	0	0	0	0	120	4	1044	0	0.0368665293388449	0.32073880524795	0.00122888431129483	0	0.635237411767694	0.671384043668191	0.938592036522441	1	1	0.997822724221463	0.635261807494844	0.671409827574552	0.938628082313831	1	English
everything		NA	1971	0.605532744390527	0	0	0	0	0	0	0	7	1960	0	0	0.602153312534466	0.00215054754476595	0	0.517707021396748	0.519709788624687	1	1	1	0.996693379539382	0.517726903473911	0.519729747616342	1	1	English
fan		NA	217	0.0666669738877445	0.067123610445711	0	0	0	0	3	0	0	211	0.000921663233471122	0	0.0648236474208023	0	0	0.941724769853009	0.942033219815144	1	0.998401221511004	1	1	0.941760935954234	0.942069397762115	1	0.998439564220887	English
father		NA	447	0.137327821787197	0.039873077719101	0	0	0	0	3	0	0	401	0.000921663233471122	0	0.123195652207307	0	0	0.867386792873084	0.875492821011462	1	0.998968966062823	1	1	0.867420104090497	0.875526443533668	1	0.99900733057643	English
feel		NA	2707	0.831647457668776	0.134877066282612	0.205068707418323	0	146	53	5	2382	5	73	0.00153610538911854	0.731800607376071	0.0224271386811306	0.00153610538911854	0.0611369944869178	0.529267913241214	0.970541799731795	0.549374007840847	0.997402445786999	0.921642956879984	0.997829175864096	0.529288239304134	0.970579072525392	0.549395106060427	0.99744075013979	English
figure		NA	577	0.177266561904279	0.378195404738391	0.275573582510234	0	9	110	5	384	4	50	0.00153610538911854	0.117972893884304	0.0153610538911854	0.00122888431129483	0.0365593082610212	0.787962702796759	0.976785760917484	0.840098027045439	0.997709666864823	0.948271343800354	0.997913047218342	0.787992963802717	0.97682327350485	0.8401302902621	0.997747983016165	English
first		NA	2130	0.654380895764497	0.328278893945306	0.0329794585422705	0	0	0	1345	0	8	178	0.413212349672886	0	0.0546853518526199	0.00245776862258966	0	0.497642335687621	0.924254643262564	1	0.60900708471792	1	0.996083545699902	0.497661447198396	0.924290138439133	1	0.609030473092716	English
five		NA	2222	0.682645234924278	0.302144845798164	0.120410143465065	0	0	0	1226	0	37	141	0.376653041411865	0	0.0433181719731427	0.0113671798794772	0	0.512382159095729	0.938219991797196	1	0.631223639175449	1	0.980016804992956	0.512401836676297	0.93825602330054	1	0.631247880757237	English
four		NA	1757	0.539787433736254	0.301295505796315	0.155130959916117	0	0	0	1223	0	52	140	0.375731378178394	0	0.043010950895319	0.0159754960468328	0	0.577968652467388	0.939468845478549	1	0.659824211189063	1	0.980372259779997	0.577990848838832	0.939504924943007	1	0.659849551150352	English
friend		NA	1270	0.390170768836108	0.0119326593273593	0.410118486306518	0	0	0	1	1	5	1237	0.000307221077823707	0.000307221077823707	0.380032473267926	0.00153610538911854	0	0.652983100336988	0.658287263179505	0.999298921500404	0.999642087444335	1	0.996521642956877	0.653008177571506	0.658312544115673	0.999337298685655	0.999680477808569	English
fun		NA	913	0.280492844053045	0.593803480031246	0.499124019974997	0	0	0	149	0	478	267	0.0457759405957324	0	0.0820280277789299	0.146851675199732	0	0.760809414881119	0.895342067628575	1	0.943208647658898	1	0.846492072928138	0.760838633089233	0.895376452443422	1	0.943244870747128	English
good		NA	6868	2.10999436249322	0.17527594702326	0.592624964781741	0	0	0	3888	0	2149	196	1.19447555057857	0	0.0602153312534466	0.660218096243147	0	0.354552272789192	0.924739130902291	1	0.409603097249297	1	0.535542620290131	0.354565889053517	0.924774644685176	1	0.409618827691514	English
grow		NA	1227	0.376960262489689	0.309556777403163	0.988684270715077	0	70	59	96	885	91	3	0.0294932234710759	0.271890653873981	0.000921663233471122	0.0279571180819574	0.0396315190392582	0.701113093888906	0.998528411037222	0.757239819611239	0.950326038368839	0.942117398390467	0.961959886143867	0.701140019512968	0.998566758631705	0.757268900732225	0.950362534794122	English
hard		NA	1583	0.486330966194929	0	0.532193717636921	0	0	0	380	0	1020	0	0.116744009573009	0	0	0.313365499380181	0	0.587133662966412	1	1	0.868042402653161	1	0.6853419808838	0.587156211311923	1	1	0.868075739048684	English
hate		NA	455	0.139785590409787	0.0262428600671435	0.544568447628201	0	0	5	2	442	0	0	0.000614442155647415	0.135791716398079	0	0	0.00153610538911854	0.840485093979348	1	0.845198230125781	0.998774802341637	0.995777553506389	1	0.840517372060969	1	0.8452306892112	0.998813159398559	English
here		NA	4859	1.49278721714539	0.0549691901206253	0	0	0	0	0	5	234	451	0	0.00153610538911854	0.138556706098492	0.0718897322107475	0	0.424655758821816	0.841413708511714	0.997240540278986	1	1	0.899036708310483	0.424672067348098	0.84144602225595	0.997278838413939	1	English
house		NA	2159	0.663290307021384	0.181735383734812	0.667906003146912	0	45	1	98	3	4	1994	0.0301076656267233	0.000921663233471122	0.612598829180472	0.00122888431129483	0.0141321695798905	0.667889083682563	0.68204144751608	0.998090621001324	0.963596452825434	0.986214068574815	0.997695841916321	0.667914733368098	0.682067640710546	0.998128951782871	0.963633458889167	English
husband		NA	1381	0.42427230847454	0.010589465423001	0.630929753571458	0	0	0	2	0	2	1281	0.000614442155647415	0	0.393550200692169	0.000614442155647415	0	0.668218046571661	0.679112347938562	1	0.998632558982605	1	0.998310591293045	0.668243708890722	0.679138428643567	1	0.998670910576797	English
idea		NA	826	0.253764610282382	0.00852085930098857	0	0	0	0	1	0	0	823	0.000307221077823707	0	0.252842947048911	0	0	0.736033610223954	0.736646375573053	1	0.999719814377024	1	1	0.736061876939352	0.736674665821158	1	0.999758207726292	English
important		NA	590	0.181260435915987	0.0634279219174547	0.525807428076662	0	0	0	151	0	420	2	0.0463903827513798	0	0.000614442155647415	0.129032852685957	0	0.839235888587369	0.999186478585921	1	0.941859332685096	1	0.876040299944327	0.83926811869437	0.999224851452903	1	0.941895503954086	English
job		NA	1283	0.394164642847816	0.23901681429915	0	0	0	0	94	0	0	1185	0.0288787813154285	0	0.364056977221093	0	0	0.692606223702073	0.700843802134613	1	0.971174675152112	1	1	0.692632822627361	0.700870717416766	1	0.971211972250726	English
know		NA	44687	13.728788304708	0.0304322220878496	0.605692577516802	0	47	341	51	11496	54	7	0.0156682749690091	3.53181351066134	0.00215054754476595	0.0165899382024802	0.119201778195598	0.21370561862285	0.997919806082055	0.265243837264636	0.977082229257583	0.851818364754369	0.977789452178734	0.213713825796838	0.997958130303607	0.265254023718019	0.977119753230552	English
large		NA	509	0.156375528612267	0.0418193990657038	0.312227090363576	0	0	0	428	1	52	2	0.131490621308547	0.000307221077823707	0.000614442155647415	0.0159754960468328	0	0.845135999090625	0.999331794155733	0.999466971429974	0.86770230892001	1	0.977121553555545	0.845168455786117	0.999370172603429	0.999505355069033	0.867735632254536	English
like		NA	3768	1.15760902123973	0.00264952000585224	0.533357058124595	0	8	0	0	3105	3	1	0	0.953921446642611	0.000307221077823707	0.000921663233471122	0.00245776862258966	0.446601686277792	0.99943071934279	0.504810741464045	1	0.995489072914313	0.996742227690756	0.446618837617876	0.999469101589621	0.504830128271061	1	English
little		NA	5657	1.73794963724871	0.510607338355838	0.129428765726826	0	0	0	4062	0	135	1345	1.2479320181199	0	0.413212349672886	0.0414748455062005	0	0.361803307122701	0.610420395326943	1	0.40920860578698	1	0.94760006574531	0.361817201856543	0.610443837978675	1	0.409224321079104	English
live		NA	3399	1.04424444352278	0.349188311513083	0.598958683366942	0	213	205	148	2626	11	132	0.0454687195179087	0.806762550365055	0.0405531822727294	0.00337943185606078	0.12841841053031	0.480135010946432	0.946137693414869	0.52924236400695	0.937517069971136	0.847020800403074	0.995801209529382	0.48015345010399	0.946174028990493	0.529262689088674	0.937553074479393	English
look		NA	3614	1.11029697525488	0.263104251566607	0.570058124302648	0	153	347	103	2713	30	89	0.0316437710158419	0.833490784135718	0.02734267592631	0.00921663233471122	0.153610538911854	0.431836321868873	0.965462206431057	0.469607200429975	0.944851358762021	0.816378588534201	0.983293010566868	0.431852906158284	0.965499284147397	0.469625235276344	0.944887644937108	English
make		NA	5712	1.75484679652902	0.129484924449698	0.499123879327948	0	194	999	91	4029	137	25	0.0279571180819574	1.23779372255172	0.00768052694559268	0.0420892876618479	0.366514745843683	0.351715572357451	0.990663858666014	0.386932404755224	0.960431461281694	0.64117111794149	0.945444909884376	0.351729079680821	0.990701904229366	0.386947264549683	0.960468345796745	English
man		NA	933	0.286637265609519	0.101103810517266	0.387623963095164	0	0	1	16	1	1	752	0.00491553724517932	0.000307221077823707	0.231030250523428	0.000307221077823707	0.000307221077823707	0.765083510517657	0.804742955804711	0.999206755177056	0.99419782272422	0.999678339531517	0.999686941721697	0.765112892868608	0.804773861241343	0.999245128822742	0.994236004006316	English
manage		NA	150	0.0460831616735561	0.194982941272628	0.692208534435103	0	4	14	5	119	2	1	0.00153610538911854	0.0365593082610212	0.000307221077823707	0.000614442155647415	0.00552997940082673	0.942879921105626	0.999419966605066	0.95261422095647	0.997269111839224	0.993858036212147	0.999264205518612	0.942916131569406	0.999458348438947	0.952650805257368	0.997307411071442	English
money		NA	2293	0.704457931449761	0.0662282338110859	0.594043216621274	0	1	0	29	1	9	2220	0.00890941125688751	0.000307221077823707	0.68203079276863	0.00276498970041337	0.000307221077823707	0.622041195719145	0.625290767105704	0.999705989428522	0.987990420846792	0.999690013932476	0.995777246285312	0.622065084657368	0.625314780840823	0.999744382246855	0.988028363739146	English
more		NA	6191	1.90200569280657	0.545397772019917	0.181930423979393	0	0	0	3500	12	186	1294	1.07527377238298	0.00368665293388449	0.397544074703877	0.0571431204752096	0	0.355457727948176	0.60595367193042	0.994256194729006	0.428708670371314	1	0.923540354256624	0.355471378985699	0.605976943041617	0.994294378252826	0.428725134546055	English
move		NA	1267	0.389249105602637	0.235851204202633	0.41828862753868	0	69	142	18	948	12	41	0.00552997940082673	0.291245581776875	0.012596064190772	0.00368665293388449	0.0648236474208023	0.678138278192126	0.981623571229974	0.737551154010839	0.993641138131204	0.917860758190897	0.990642660411644	0.67816432148885	0.981661269609137	0.737579479006154	0.993679298034323	English
much		NA	5470	1.68049929569568	0.429008627393495	0.251822953069275	0	0	0	640	15	55	3240	0.196621489807173	0.00460831616735561	0.995396292148812	0.0168971592803039	0	0.329558550354485	0.405796301672665	0.992876772089578	0.764787575345969	1	0.974960867715211	0.329571206757155	0.405811885918288	0.9929149026379	0.764816946331793	English
name		NA	922	0.283257833753458	0.485149441577229	0.643376350761319	0	2	6	70	66	14	755	0.0215054754476595	0.0202765911363647	0.231951913756899	0.0043010950895319	0.00245776862258966	0.755299116589121	0.781307981938288	0.971125827000737	0.968784802387721	0.996675867937946	0.987778131082014	0.755328123179135	0.781337987375617	0.971163122223381	0.968822007705399	English
need		NA	2711	0.832876341980071	0.219730397704543	0.818372207408221	0	9	7	3	2475	21	164	0.000921663233471122	0.760372167613676	0.050384256763088	0.00645164263429785	0.00491553724517932	0.500672946919376	0.943316175036137	0.517464962483418	0.999136401550237	0.993091826844055	0.99104849945545	0.500692174818077	0.943352402253861	0.517484835264524	0.999174772494054	English
never		NA	3024	0.929036539338891	0.72483409150576	0.630929753571458	0	0	0	2	10	2	2	0.000614442155647415	0.00307221077823707	0.000614442155647415	0.000614442155647415	0	0.441380479260493	0.998797536701396	0.994552355848029	0.999362823484593	1	0.999044235226889	0.441397430084771	0.998835894631411	0.994590550745653	0.999401203123944	English
old		NA	1977	0.607376070857469	0.0543810736956289	0.559507829122442	0	0	0	838	3	367	5	0.257451263216267	0.000921663233471122	0.00153610538911854	0.112750135561301	0	0.564769697021952	0.998261128699518	0.998166811828624	0.748535412414949	1	0.857260478926937	0.564791386499265	0.998299466029261	0.998205145536212	0.748564159250927	English
one		NA	13052	4.00984950775503	0.571270727049845	0.241587286607422	0	0	0	3944	1	318	8384	1.2116799309367	0.000307221077823707	2.57574151647396	0.0976963027479389	0	0.245001017772212	0.309726506497837	0.999574806028291	0.367860603178234	1	0.867882340471615	0.245010426818138	0.309738401268523	0.999613193808643	0.367874730537136	English
order		NA	300	0.0921663233471122	0.690599934525403	0.384766393172661	0	5	12	3	65	0	92	0.000921663233471122	0.019969370058541	0.0282643391597811	0	0.00522275832300302	0.893391229145448	0.969295711040142	0.973183593780001	0.998925647890849	0.990915165507674	1	0.89342553904008	0.969332935978812	0.973220968029346	0.99896401074086	English
other		NA	4845	1.48848612205586	0.44122728305558	0.00219234936650615	0	0	0	3841	0	1	895	1.18003615992086	0	0.274962864652218	0.000307221077823707	0	0.338176601337912	0.683460119095537	1	0.369976326264405	1	0.999732717662293	0.338189588709156	0.683486366772822	1	0.369990534875769	English
paint		NA	490	0.150538328133617	0.919060791410849	0.717909588351144	0	101	29	47	139	13	131	0.0144393906577142	0.0427037298174953	0.0402459611949057	0.00399387401170819	0.039938740117082	0.953633379858516	0.981387625442205	0.976232762977401	0.985854619913762	0.981775645663497	0.996617495933159	0.953670003299304	0.981425314760081	0.976270254327374	0.985892480782582	English
pay		NA	2979	0.915211590836824	0.321885392245544	0.549399131805943	0	200	632	80	1789	108	89	0.0245776862258966	0.549618508226612	0.02734267592631	0.0331798764049604	0.255607936749324	0.64829975154029	0.971287118066596	0.701170343068737	0.975077611724784	0.796315116172104	0.96033468664218	0.648324648914968	0.971324419483479	0.701197270891404	0.975115058712202	English
person		NA	1171	0.359755882131561	0.0131079606493413	0	0	0	0	1	1	0	1111	0.000307221077823707	0.000307221077823707	0.341322617462139	0	0	0.689970214470497	0.698052846220294	0.99968939949032	0.999628262495832	1	1	0.689996712162198	0.69807965431827	0.999727791671531	0.999666652329131	English
pretty		NA	3808	1.16989786435268	0.170066420472755	0.576628518486194	0	0	0	51	1	104	1	0.0156682749690091	0.000307221077823707	0.000307221077823707	0.0319509920936656	0	0.439772988294761	0.999723501029958	0.999667586793795	0.978375937216299	1	0.963754978901592	0.439789877384779	0.999761894520808	0.999705978137309	0.97841351087297	English
problem		NA	2429	0.746239998033785	0.0157495988437219	0	0	0	0	6	0	0	2422	0.00184332646694224	0	0.744089450489019	0	0	0.547631373584181	0.54861897345598	1	0.997493076004957	1	1	0.547652404879444	0.548640042679136	1	0.997531383838321	English
put		NA	3571	1.09708646890846	0.109485797528834	0.468083934707162	0	163	671	36	2288	116	16	0.0110599588016535	0.702921826060642	0.00491553724517932	0.03563764502755	0.256222378904972	0.458428619583082	0.994065410439679	0.521839477932131	0.979880091613324	0.734558175145697	0.947042152267982	0.458446225126008	0.994103586636599	0.521859518712608	0.979917723035705	English
real		NA	3500	1.07527377238298	0.0103864376131629	0.147562130566703	0	0	0	655	1	26	0	0.201229805974528	0.000307221077823707	0	0.00798774802341639	0	0.434055455160097	1	0.999292777078847	0.764754983509908	1	0.982820811770252	0.434072124673346	1	0.999331154028128	0.764784353244072	English
right		NA	9104	2.79694069250703	0.679797538916316	0.433144089769979	0	0	0	305	7	1362	312	0.0937024287362307	0.00215054754476595	0.0958529762809967	0.418435107995889	0	0.308301649033702	0.917640589977904	0.997280479019104	0.879785595949839	1	0.647327321774742	0.308313489084005	0.917675831147647	0.997318778687869	0.879819383332244	English
run		NA	1662	0.510601431343002	0.50862159252491	0.663849867777251	0	185	152	106	1038	25	97	0.032565434249313	0.318895478781008	0.0298004445488996	0.00768052694559268	0.103533503226589	0.607840437734801	0.964255134816288	0.701600377636859	0.955152481501449	0.884975814020646	0.989399336709692	0.607863781305559	0.964292166176117	0.70162732197462	0.955189163281983	English
say		NA	8784	2.69862994760344	0.0953993103899978	0.385394186267286	0	187	671	96	7385	21	45	0.0294932234710759	2.26882765972808	0.0138249485020668	0.00645164263429785	0.263595684772741	0.302662324663328	0.98068961915339	0.323610109873563	0.955922070301398	0.696436041067123	0.989986436189413	0.3026739481404	0.980727281664956	0.323622537831673	0.955958781637304	English
see		NA	8267	2.53979665036859	0.0560977138329685	0.10064069249319	0	139	1294	11	5563	18	46	0.00337943185606078	1.70907085593328	0.0141321695798905	0.00552997940082673	0.440247804521373	0.343391255935783	0.990502874821236	0.39467705397312	0.993585838337195	0.632409178993571	0.990027296592763	0.343404443571193	0.990540914202147	0.394692211193936	0.993623996116575	English
seven		NA	695	0.213518649087477	0.361401632860936	0.172818337199927	0	0	0	344	0	17	54	0.105684050771355	0	0.0165899382024802	0.00522275832300302	0	0.766967631706643	0.976102808461482	1	0.868127810112796	1	0.989469383115435	0.76699708641559	0.976140294820667	1	0.868161149788316	English
six		NA	1185	0.364056977221093	0.288461624416578	0.0958158765951952	0	0	0	760	0	17	81	0.233488019146018	0	0.0248849073037203	0.00522275832300302	0	0.648273885179778	0.960345132158826	1	0.733449923732369	1	0.991162478475322	0.648298781561081	0.960382013358484	1	0.733478091223587	English
something		NA	5418	1.66452379964885	0	0	0	0	0	0	0	315	5092	0	0	1.56436972827832	0.0967746395144678	0	0.340662839784152	0.347052353612653	1	1	1	0.867725569944474	0.34067592263717	0.34706568184926	1	1	English
sound		NA	1150	0.353304239497263	0.268073233540217	0.828051642704973	0	1	5	24	1048	8	54	0.00737330586776898	0.321967689559245	0.0165899382024802	0.00245776862258966	0.00184332646694224	0.679181735359628	0.974496349445541	0.702453097279196	0.992468475277151	0.994403660846362	0.996554208391129	0.679207818729395	0.974533774110098	0.702480074364896	0.992506590145197	English
stick		NA	377	0.115822346339538	0.670498837888023	0.944112277013773	0	7	38	28	182	68	33	0.0086021901790638	0.0559142361639147	0.0101382955681823	0.0208910332920121	0.0138249485020668	0.853016834178958	0.985023586898249	0.921760929773868	0.987051860454041	0.978236766068045	0.969553469524436	0.853049593530903	0.985061415851986	0.921796329181592	0.987089767301818	English
take		NA	6186	1.90046958741745	0.0659304832074803	0.308167271261021	0	265	954	34	4570	77	21	0.010445516646006	1.40400032565434	0.00645164263429785	0.0236560229924255	0.374502493867099	0.341025463908782	0.991423616391473	0.373792627634619	0.985194709038597	0.635822806843519	0.96632303989112	0.341038560688056	0.991461691132644	0.373806982807638	0.985232544564128	English
talk		NA	3308	1.01628732544082	0.247004496934891	0.310891362706353	0	693	389	70	1974	30	58	0.0215054754476595	0.606454407623998	0.017818822513775	0.00921663233471122	0.332413206205251	0.420037658858814	0.975222620073517	0.528040287216597	0.968807843968557	0.671562502295462	0.985522513928634	0.420053790031079	0.975260072629851	0.528060566133632	0.968845050171127	English
thing		NA	10666	3.27682001606766	0.00303741684341969	0.621609745079757	0	3	0	0	4	4	10649	0	0.00122888431129483	3.27159725774466	0.00122888431129483	0.000921663233471122	0.266734959210473	0.266910971152653	0.998067579420488	1	0.998947460587375	0.998788627290138	0.266745202929066	0.266921221630828	0.998105909317143	1	English
think		NA	21082	6.4768347626794	0.0601140672592919	0.276817406659398	0	155	488	58	20089	2	162	0.017818822513775	6.17176423240046	0.0497698146074406	0.000614442155647415	0.197543153040644	0.261626779540769	0.93001196626098	0.266738213545109	0.970040414932786	0.767078803742566	0.999090625609641	0.261636827084271	0.930047682542412	0.266748457388683	0.970077668471146	English
three		NA	2560	0.786485959228691	0.338232782019305	0.0747907321639372	0	0	0	1964	1	32	269	0.603382196845761	0.000307221077823707	0.0826424699345773	0.00983107449035863	0	0.476606343808036	0.897030247451216	0.999124727149277	0.523768876212858	1	0.983176573778373	0.476624647450274	0.897064697099106	0.99916309764475	0.523788991090158	English
time		NA	7523	2.31122416846775	0.0714680913606378	0.784500337875776	0	12	0	93	11	46	7310	0.0285715602376048	0.00337943185606078	2.2457860788913	0.0141321695798905	0.00368665293388449	0.309175405352867	0.313352848680232	0.995618720209155	0.957425303035189	0.996385851240481	0.976592211638454	0.309187278959004	0.313364882717359	0.995656956059553	0.95746207210141	English
transfer		NA	80	0.0245776862258966	0.661528060776115	0.770803667014493	0	2	9	9	49	1	7	0.00276498970041337	0.0150538328133617	0.00215054754476595	0.000307221077823707	0.00337943185606078	0.967672662085999	0.996357894122399	0.978077318328655	0.996500444702509	0.995624864630711	0.999122576601733	0.96770982469292	0.996396158360113	0.978114880517133	0.996538714414751	English
try		NA	3814	1.17174119081962	0.194952895236426	0.443274164856776	0	254	368	109	2764	10	28	0.0334870974827841	0.849159059104727	0.0086021901790638	0.00307221077823707	0.191091510406346	0.406543786806151	0.985662299519044	0.4540322722004	0.951346012347213	0.771982915524769	0.996035311990684	0.406559399758275	0.985700153001971	0.454049708905519	0.951382547943688	English
two		NA	4232	1.30015960134993	0.418719026474607	0.04510198373004	0	0	0	3106	0	27	648	0.954228667720435	0	0.199079258429762	0.0082949691012401	0	0.38303111091377	0.763713427250816	1	0.423984221849479	1	0.984125272466692	0.383045820882513	0.763742756984939	1	0.424000504585982	English
understand		NA	896	0.275270085730042	0.0534278275307367	0.270746052766636	0	56	64	3	752	6	4	0.000921663233471122	0.231030250523428	0.00122888431129483	0.00184332646694224	0.0368665293388449	0.724187731814762	0.998109975929227	0.756241580222335	0.998783097310738	0.951716213745992	0.997536086955852	0.724215543599747	0.998148307454083	0.756270623006826	0.998821454686221	English
want		NA	5053	1.55238810624319	0.0367969187906471	0.613781345290907	0	40	39	23	4899	4	7	0.00706608478994527	1.50507606025834	0.00215054754476595	0.00122888431129483	0.0242704651480729	0.373867933564433	0.997109971320911	0.378923355698021	0.988524985522205	0.962551593939756	0.998629793992906	0.37388229162951	0.99714826444148	0.378937907912083	0.988562948944039	English
watch		NA	2134	0.655609780075791	0.225568787210443	0.245910948796447	0	237	409	40	1329	6	36	0.0122888431129483	0.408296812427707	0.0110599588016535	0.00184332646694224	0.198464816274115	0.730122729105184	0.986464760974319	0.792508851616591	0.979763347603751	0.851134382204164	0.997480172719688	0.730150768818455	0.986502645275064	0.792539287213346	0.979800974542682	English
way		NA	3962	1.21720991033753	0.00449969959827593	0.511859507142915	0	0	0	1	1	3	3730	0.000307221077823707	0.000307221077823707	1.14593462028243	0.000921663233471122	0	0.376456223043129	0.38788841933071	0.999647617423735	0.999385557844351	1	0.998328410115559	0.376470680509158	0.387903315840058	0.999686008000343	0.999423938356794	English
week		NA	1493	0.458681069190795	0.0132926209200193	0	0	0	0	3	0	0	1476	0.000921663233471122	0	0.453458310867792	0	0	0.627419175620883	0.628690505373803	1	0.998793542827384	1	1	0.627443271095635	0.628714649672843	1	0.998831900604017	English
whole		NA	1753	0.538558549424959	0.102369702797122	0	0	0	0	1682	0	0	41	0.516745852899476	0	0.012596064190772	0	0	0.545550373990795	0.979962734083258	1	0.550800474655469	1	1	0.545571325367121	0.98000036867945	1	0.550821627657236	English
woman		NA	1112	0.341629838539963	0.146257750526663	0.335011662564364	0	1	0	38	0	3	969	0.0116744009573009	0	0.297697224411172	0.000921663233471122	0.000307221077823707	0.827464860953784	0.837211231388162	1	0.992930228557119	0.999258982760287	0.999070349018504	0.82749663900495	0.837243383740006	1	0.992968361158389	English
wonder		NA	669	0.20553090106406	0.193883093654243	0.311794717303997	0	13	20	4	589	0	26	0.00122888431129483	0.180953214838164	0.00798774802341639	0	0.0101382955681823	0.792997509973163	0.987991342510025	0.813659663562197	0.998331789547416	0.98605830748836	1	0.793027964336407	0.988029285437774	0.81369091143705	0.998370129590826	English
work		NA	6368	1.95638382358137	0.706848746696856	0.664534081809003	0	255	519	323	3698	37	1381	0.0992324081370575	1.13610354579207	0.42427230847454	0.0113671798794772	0.237789114235549	0.42296663770915	0.64458843747312	0.47492567063086	0.904986658924695	0.763684067990026	0.985116367663752	0.42298288136624	0.644613192318086	0.474943909728341	0.905021414131483	English
worst		NA	152	0.0466976038292035	0.48392506228713	0.110769198500041	0	0	0	111	0	3	32	0.0341015396384315	0	0.00983107449035863	0.000921663233471122	0	0.936713072410471	0.986353546944148	1	0.954655397797531	1	0.999054373522458	0.936749046041918	0.986391426973816	1	0.954692060488007	English
year		NA	6773	2.08080836009997	0.00600110220881568	0.612601619289344	0	0	0	3	2	2	6728	0.000921663233471122	0.000614442155647415	2.0669834115979	0.000614442155647415	0	0.354813500531843	0.355117054728441	0.999160057573228	0.998772344573015	1	0.998995694296593	0.354827126828387	0.355130692682712	0.999198429425534	0.998810701535548	English
ƛ̓aːq	fat	NA	7	0.83672005737509	0	NA	2	0	0	0	0	0	7	0	0	0.83672005737509	0	0	0.829667702605785	0.829667702605785	1	1	1	1	0.835962904974106	0.835962904974106	1	1	Nuuchahnulth
ƛ̓ay̓ix	swift	NA	6	0.71718862060722	0	NA	0	0	0	0	6	0	0	0	0.71718862060722	0	0	0	0.772651207267511	1	0.772651207267511	1	1	1	0.778513790196315	1	0.778513790196315	1	Nuuchahnulth
ƛaʔuː	another	NA	19	2.27109729858953	0.835055451159155	0	3	0	0	2	6	0	11	0.23906287353574	0.71718862060722	1.31484580444657	0	0	0.322149804345911	0.50548757959707	0.614391584986852	0.783648099450155	1	1	0.324594154300602	0.509323026726375	0.619053354209322	0.789594122606287	Nuuchahnulth
ƛaqmis	oil	NA	5	0.59765718383935	0	NA	2	0	0	0	0	0	5	0	0	0.59765718383935	0	0	0.842935692087019	0.842935692087019	1	1	1	1	0.849331566903529	0.849331566903529	1	1	Nuuchahnulth
ƛatw̓a	paddling.steadily	INCEP	4	0.47812574707148	0	NA	0	0	0	0	4	0	0	0	0.47812574707148	0	0	0	0.710016734401148	1	0.710016734401148	1	1	1	0.715404070817777	1	0.715404070817777	1	Nuuchahnulth
ƛawa	hear	INCEP	7	0.83672005737509	0	NA	0	0	0	0	7	0	0	0	0.83672005737509	0	0	0	0.908677982309347	1	0.908677982309347	1	1	1	0.915572684571841	1	0.915572684571841	1	Nuuchahnulth
ƛuɬ	nice	NA	7	0.83672005737509	0.544568447628201	NA	0	0	0	0	5	0	2	0	0.59765718383935	0.23906287353574	0	0	0.63076739182405	0.894812335644274	0.735955056179775	1	1	1	0.63555341442852	0.901601830663616	0.74153920269782	1	Nuuchahnulth
ɬuːcsaːmiːḥ	women	NA	5	0.59765718383935	0	NA	0	0	0	0	0	0	5	0	0	0.59765718383935	0	0	0.613435333492709	0.613435333492709	1	1	1	1	0.618089847043237	0.618089847043237	1	1	Nuuchahnulth
ʔaḥku·	right.here	NA	6	0.71718862060722	0.630929753571458	NA	0	0	0	0	3	0	3	0	0.35859431030361	0.35859431030361	0	0	0.688142481472627	0.880707626105666	0.807434855366962	1	1	1	0.693363844393593	0.887390099963869	0.81356136336264	1	Nuuchahnulth
ʔac	go.out.hunting	MOM	6	0.71718862060722	0	NA	0	0	0	0	6	0	0	0	0.71718862060722	0	0	0	0.614391584986852	1	0.614391584986852	1	1	1	0.619053354209322	1	0.619053354209322	1	Nuuchahnulth
ʔac-yu·	go.out.hunting-done	NA	14	1.67344011475018	0	NA	0	0	0	0	14	0	0	0	1.67344011475018	0	0	0	0.693384788770876	1	0.693384788770876	1	1	1	0.698645928321949	1	0.698645928321949	1	Nuuchahnulth
ʔana	only	NA	12	1.43437724121444	0.410118486306518	0	0	0	0	2	10	0	0	0.23906287353574	1.1953143676787	0	0	0	0.461710096422026	1	0.481568252450394	0.862658379153717	1	1	0.465213376691156	1	0.485222208840178	0.869203902204023	Nuuchahnulth
ʔana-'i·c	only-eat	NA	4	0.47812574707148	0	NA	0	0	0	0	4	0	0	0	0.47812574707148	0	0	0	0.640449438202247	1	0.640449438202247	1	1	1	0.645308924485126	1	0.645308924485126	1	Nuuchahnulth
ʔatḥ	night	GRAD	4	0.47812574707148	0	NA	0	0	0	0	4	0	0	0	0.47812574707148	0	0	0	0.677504183600287	1	0.677504183600287	1	1	1	0.682644827170902	1	0.682644827170902	1	Nuuchahnulth
ʔaya	many	NA	34	4.06406885010758	0.651860046831921	0	0	0	0	6	23	0	2	0.71718862060722	2.74922304566101	0.23906287353574	0	0	0.424428006918761	0.801458283528568	0.495790414618175	0.669256514463304	1	1	0.427648404899717	0.807539443574612	0.49955228335489	0.674334577863423	Nuuchahnulth
ʔiːqḥ	telling	DUR	19	2.27109729858953	0	NA	0	0	0	0	19	0	0	0	2.27109729858953	0	0	0	0.494268782163393	1	0.494268782163393	1	1	1	0.498019105332885	1	0.498019105332885	1	Nuuchahnulth
ʔu-(w)aƛ	it-find	NA	4	0.47812574707148	0	NA	0	0	0	0	4	0	0	0	0.47812574707148	0	0	0	0.788190294047335	1	0.788190294047335	1	1	1	0.794170781645189	1	0.794170781645189	1	Nuuchahnulth
ʔu-ḥta·	it-doing.to	NA	7	0.83672005737509	0	NA	0	0	0	0	7	0	0	0	0.83672005737509	0	0	0	0.775639493186708	1	0.775639493186708	1	1	1	0.781524750090329	1	0.781524750090329	1	Nuuchahnulth
ʔu-ca-ḥta	it-go.to-apart	MOM	11	1.31484580444657	0	NA	0	0	0	0	11	0	0	0	1.31484580444657	0	0	0	0.659031143372525	1	0.659031143372525	1	1	1	0.66403162055336	1	0.66403162055336	1	Nuuchahnulth
ʔu-kɬa·	it-having.as.name	NA	21	2.51016017212527	0	NA	0	0	0	0	21	0	0	0	2.51016017212527	0	0	0	0.542029529956855	1	0.542029529956855	1	1	1	0.546142243480555	1	0.546142243480555	1	Nuuchahnulth
ʔu-na·k	it-having	NA	28	3.34688022950036	0.140246113447194	NA	1	0	0	0	27	0	1	0	3.22734879273249	0.11953143676787	0	0	0.447534237218674	0.887042792254363	0.477957517641955	1	1	1	0.450929956470123	0.893773334939179	0.481584077151944	1	Nuuchahnulth
ʔu-y̓i·ḥa	it-because.of	TEL	7	0.83672005737509	0	NA	0	0	0	0	7	0	0	0	0.83672005737509	0	0	0	0.588811857518528	1	0.588811857518528	1	1	1	0.59327953751656	1	0.59327953751656	1	Nuuchahnulth
ʔuːš	some	DUR	20	2.3906287353574	0.919717323575093	0	0	0	0	3	8	0	9	0.35859431030361	0.95625149414296	1.07578293091083	0	0	0.555713602677504	0.646598666560417	0.603155629930672	0.857159933062395	1	1	0.559930145730459	0.651504810844808	0.607732145007829	0.863663735999036	Nuuchahnulth
ʔuːš-ckʷi·	some-remains.of	NA	5	0.59765718383935	0	NA	0	0	0	0	5	0	0	0	0.59765718383935	0	0	0	0.63411427205355	1	0.63411427205355	1	1	1	0.638925689509816	1	0.638925689509816	1	Nuuchahnulth
ʔuḥ	being.it	NA	28	3.34688022950036	0	NA	0	0	0	0	28	0	0	0	3.34688022950036	0	0	0	0.312327106314675	1	0.312327106314675	1	1	1	0.314696925379811	1	0.314696925379811	1	Nuuchahnulth
ʔucq	foggy	MOM	4	0.47812574707148	0	NA	0	0	0	0	4	0	0	0	0.47812574707148	0	0	0	0.956610088453263	1	0.956610088453263	1	1	1	0.96386848127183	1	0.96386848127183	1	Nuuchahnulth
ʔunic	how.much.time.spent	NA	9	1.07578293091083	0.625299374204301	NA	0	0	0	0	5	0	4	0	0.59765718383935	0.47812574707148	0	0	0.601362658379154	0.794405928759264	0.692565144633039	1	1	1	0.60592556907142	0.800433578224738	0.697820065036734	1	Nuuchahnulth
ʔunw̓iːƛ	there.is.a.reason	NA	13	1.55390867798231	0	NA	0	0	0	0	13	0	0	0	1.55390867798231	0	0	0	0.619880836352269	1	0.619880836352269	1	1	1	0.624584255922327	1	0.624584255922327	1	Nuuchahnulth
ʕaʔuk	lake	NA	4	0.47812574707148	0.511859507142915	NA	1	0	0	0	1	0	3	0	0.11953143676787	0.35859431030361	0	0	0.754841023189099	0.887042792254363	0.867798230934736	1	1	1	0.76056846922799	0.893773334939179	0.874382753221727	1	Nuuchahnulth
ḥaːɬ	there	NA	21	2.51016017212527	0.760902980161762	0	0	0	0	2	14	0	5	0.23906287353574	1.67344011475018	0.59765718383935	0	0	0.506346550095056	0.802892660769782	0.558621631774871	0.758905092039206	1	1	0.510188514765174	0.808984704323738	0.562860239844462	0.764663374683849	Nuuchahnulth
ḥaːḥuːp	instructing	CONT	8	0.95625149414296	0	NA	0	0	0	0	8	0	0	0	0.95625149414296	0	0	0	0.827038010996892	1	0.827038010996892	1	1	1	0.833313260267373	1	0.833313260267373	1	Nuuchahnulth
ḥaːkʷaːƛ	girl	NA	6	0.71718862060722	0	NA	1	0	0	0	0	0	6	0	0	0.71718862060722	0	0	0.721013626583792	0.721013626583792	1	1	1	1	0.726484403227749	0.726484403227749	1	1	Nuuchahnulth
ḥacw̓aḥs	bowl	NA	5	0.59765718383935	0	NA	3	0	0	0	0	0	5	0	0	0.59765718383935	0	0	0.978245278508248	0.978245278508248	1	1	1	1	0.985667830904492	0.985667830904492	1	1	Nuuchahnulth
ḥamip	knowing	NA	7	0.83672005737509	0	NA	0	0	0	0	7	0	0	0	0.83672005737509	0	0	0	0.649653358833373	1	0.649653358833373	1	1	1	0.65458268095869	1	0.65458268095869	1	Nuuchahnulth
ḥaw̓iɬ	chief	NA	35	4.18360028687545	0.417020803232551	NA	21	0	0	0	6	0	29	0	0.71718862060722	3.46641166626823	0	0	0.548516102592125	0.59383629963646	0.649175233086302	1	1	1	0.552678033757162	0.598342103186634	0.654100927375647	1	Nuuchahnulth
ḥuː	over.there	NA	25	2.98828591919675	0.400204770997393	NA	0	0	0	0	21	0	4	0	2.51016017212527	0.47812574707148	0	0	0.489012670332297	0.777671527611762	0.476810901267033	1	1	1	0.492723112128146	0.783572202818259	0.480428760688908	1	Nuuchahnulth
ḥuːɬ	over.there	NA	15	1.79297155151805	0.455485915003595	NA	0	0	0	0	12	0	3	0	1.43437724121444	0.35859431030361	0	0	0.38528169575265	0.887042792254363	0.398238903498287	1	1	1	0.388205066441848	0.893773334939179	0.401260588542294	1	Nuuchahnulth
ḥumiːs	red.cedar	NA	7	0.83672005737509	0.373303960385887	NA	1	0	0	0	1	0	6	0	0.11953143676787	0.71718862060722	0	0	0.85859431030361	0.85859431030361	0.89110686110447	1	1	1	0.865108996748163	0.865108996748163	0.897868240395038	1	Nuuchahnulth
č̓aʔak	water	NA	4	0.47812574707148	0	NA	1	0	0	0	0	0	4	0	0	0.47812574707148	0	0	0.758666029165671	0.758666029165671	1	1	1	1	0.764422497892328	0.764422497892328	1	1	Nuuchahnulth
č̓aḥ	adze	REP	4	0.47812574707148	0	NA	0	0	0	0	3	0	0	0	0.35859431030361	0	0	0	0.89110686110447	1	0.89110686110447	1	1	1	0.897868240395038	1	0.897868240395038	1	Nuuchahnulth
č̓apac	canoe	NA	38	4.54219459717906	0.113097986133275	NA	8	0	0	0	1	0	36	0	0.11953143676787	4.30313172364332	0	0	0.578613938623753	0.575689962015566	0.89110686110447	1	1	1	0.583004240699304	0.580058078070845	0.897868240395038	1	Nuuchahnulth
č̓iːq	sing	CONT	11	1.31484580444657	0.277291725653789	NA	0	0	0	0	10	0	1	0	1.1953143676787	0.11953143676787	0	0	0.7284245756634	0.989600765001195	0.7284245756634	1	1	1	0.733951583764904	0.997109478501746	0.733951583764904	1	Nuuchahnulth
č̓u	move	INCEP	5	0.59765718383935	0	NA	0	0	0	0	5	0	0	0	0.59765718383935	0	0	0	0.920392063112599	1	0.920392063112599	1	1	1	0.927375647356377	1	0.927375647356377	1	Nuuchahnulth
camaqƛ	take.time	TEL	4	0.47812574707148	0	NA	0	0	0	0	4	0	0	0	0.47812574707148	0	0	0	0.89110686110447	1	0.89110686110447	1	1	1	0.897868240395038	1	0.897868240395038	1	Nuuchahnulth
ciq	speak	MOM	16	1.91250298828592	0.212806338612773	NA	1	0	0	0	15	0	1	0	1.79297155151805	0.11953143676787	0	0	0.467054147740856	0.956610088453263	0.499075623555662	1	1	1	0.470597976634951	0.96386848127183	0.502862419205909	1	Nuuchahnulth
haʔukʷ	eat	TEL	4	0.47812574707148	0	NA	0	0	0	0	4	0	0	0	0.47812574707148	0	0	0	0.841501314845805	1	0.841501314845805	1	1	1	0.847886306154402	1	0.847886306154402	1	Nuuchahnulth
hapt	hide	MOM	12	1.43437724121444	0.261089363385788	NA	1	0	0	0	11	0	1	0	1.31484580444657	0.11953143676787	0	0	0.597059526655511	0.956610088453263	0.597059526655511	1	1	1	0.60158978682404	0.96386848127183	0.60158978682404	1	Nuuchahnulth
hiɬ	there	TEL	52	6.21563471192924	0.606472774141669	NA	1	0	0	0	32	0	20	0	3.82500597657184	2.3906287353574	0	0	0.393423932032586	0.512479081998566	0.374193162801817	1	1	1	0.396409082907939	0.516367577983861	0.37703239792846	1	Nuuchahnulth
hiɬ-'a·ʔa	here-on.the.rock	NA	6	0.71718862060722	0.579380164285695	NA	0	0	0	0	4	0	2	0	0.47812574707148	0.23906287353574	0	0	0.627779105904853	0.95398039684437	0.650848673201052	1	1	1	0.632542454534506	0.961218836565097	0.655787064916296	1	Nuuchahnulth
hiʔiːs	there.on.the.ground	NA	10	1.1953143676787	0.295903274289385	NA	0	0	0	0	9	0	1	0	1.07578293091083	0.11953143676787	0	0	0.513793927803012	0.867798230934736	0.502682816691901	1	1	1	0.517692400337228	0.874382753221727	0.506496982349084	1	Nuuchahnulth
hiːhiːq-šaḥap	various-doing	MOM	4	0.47812574707148	0	NA	0	0	0	0	4	0	0	0	0.47812574707148	0	0	0	0.912383456849151	1	0.912383456849151	1	1	1	0.919306274840419	1	0.919306274840419	1	Nuuchahnulth
hiːnip	obtain	NA	4	0.47812574707148	0	NA	0	0	0	0	4	0	0	0	0.47812574707148	0	0	0	0.967487449199139	1	0.967487449199139	1	1	1	0.974828375286041	1	0.974828375286041	1	Nuuchahnulth
hiːtkin	strange	NA	6	0.71718862060722	0.789690082142848	0	0	0	0	1	4	0	1	0.11953143676787	0.47812574707148	0.11953143676787	0	0	0.773487927324886	0.920392063112599	0.853095864212288	0.887042792254363	1	1	0.779356858966639	0.927375647356377	0.859568830543177	0.893773334939179	Nuuchahnulth
hicnup	couple	NA	5	0.59765718383935	0.612601619289344	NA	1	0	0	0	2	0	3	0	0.23906287353574	0.35859431030361	0	0	0.698780779344968	0.862538847716949	0.836241931628018	1	1	1	0.704082861616283	0.869083463808262	0.842587016740937	1	Nuuchahnulth
hin-ʔaɬ	there-aware.of	MOM	5	0.59765718383935	0	NA	0	0	0	0	5	0	0	0	0.59765718383935	0	0	0	0.867320105187665	1	0.867320105187665	1	1	1	0.873900999638685	1	0.873900999638685	1	Nuuchahnulth
hin-in	there-come	NA	9	1.07578293091083	0	NA	0	0	0	0	9	0	0	0	1.07578293091083	0	0	0	0.577097776715276	1	0.577097776715276	1	1	1	0.581476574732025	1	0.581476574732025	1	Nuuchahnulth
hiniːp	take.long	NA	6	0.71718862060722	0	NA	0	0	0	0	6	0	0	0	0.71718862060722	0	0	0	0.820583313411427	1	0.820583313411427	1	1	1	0.826809586896303	1	0.826809586896303	1	Nuuchahnulth
his	beat	TEL	8	0.95625149414296	0	NA	0	0	0	0	8	0	0	0	0.95625149414296	0	0	0	0.642840066937605	1	0.642840066937605	1	1	1	0.647717692400337	1	0.647717692400337	1	Nuuchahnulth
his-i·k	there-going.along	NA	9	1.07578293091083	0.625299374204301	NA	1	0	0	0	5	0	4	0	0.59765718383935	0.47812574707148	0	0	0.743246473822615	0.754841023189099	0.743246473822615	1	1	1	0.748885944839215	0.76056846922799	0.748885944839215	1	Nuuchahnulth
his-taq	there-come.from	MOM	19	2.27109729858953	0.187684092704995	NA	1	0	0	0	18	0	1	0	2.15156586182166	0.11953143676787	0	0	0.431521068988512	0.885608415013148	0.469532764894945	1	1	1	0.434795286421522	0.892328074190052	0.473095400591486	1	Nuuchahnulth
hiš-umɬ	all-in.a.bunch	MOM	4	0.47812574707148	0	NA	0	0	0	0	4	0	0	0	0.47812574707148	0	0	0	0.959956968682764	1	0.959956968682764	1	1	1	0.967240756353125	1	0.967240756353125	1	Nuuchahnulth
huːʔak	long.ago	NA	29	3.46641166626823	0.136531263265096	0	0	0	0	1	28	0	0	0.11953143676787	3.34688022950036	0	0	0	0.420523959870411	1	0.448849083023121	0.867798230934736	1	1	0.423714735430069	1	0.452254778823489	0.874382753221727	Nuuchahnulth
huḥtak	know	MOM	32	3.82500597657184	0	NA	0	0	0	0	32	0	0	0	3.82500597657184	0	0	0	0.355837616543151	1	0.355837616543151	1	1	1	0.358537576779477	1	0.358537576779477	1	Nuuchahnulth
kʷis	different	NA	10	1.1953143676787	0.295903274289385	NA	0	0	0	0	9	0	1	0	1.07578293091083	0.11953143676787	0	0	0.626918479560124	0.920392063112599	0.604696257337902	1	1	1	0.63167529808503	0.927375647356377	0.609284462108743	1	Nuuchahnulth
kʷis-tu·p	different-thing	MOM	8	0.95625149414296	0	NA	0	0	0	0	8	0	0	0	0.95625149414296	0	0	0	0.899354530241454	1	0.899354530241454	1	1	1	0.906178489702517	1	0.906178489702517	1	Nuuchahnulth
k̓ʷac	hit.the.right.spot	MOM	6	0.71718862060722	0	NA	0	0	0	0	6	0	0	0	0.71718862060722	0	0	0	0.560841501314846	1	0.560841501314846	1	1	1	0.565096952908587	1	0.565096952908587	1	Nuuchahnulth
k̓aḥ-kʷa	split-in.pieces	DUR	5	0.59765718383935	0	NA	0	0	0	0	5	0	0	0	0.59765718383935	0	0	0	0.885608415013148	1	0.885608415013148	1	1	1	0.892328074190052	1	0.892328074190052	1	Nuuchahnulth
kamatq	running	DUR	23	2.74922304566101	0	NA	0	0	0	0	23	0	0	0	2.74922304566101	0	0	0	0.79180741926431	1	0.79180741926431	1	1	1	0.797815352229943	1	0.797815352229943	1	Nuuchahnulth
kuːciɬ	filleting.fish	MOM	4	0.47812574707148	0	NA	0	0	0	0	4	0	0	0	0.47812574707148	0	0	0	0.809108295481712	1	0.809108295481712	1	1	1	0.815247500903288	1	0.815247500903288	1	Nuuchahnulth
kuːkuḥʷ'isa	hair.seal	NA	15	1.79297155151805	0.222944918167239	NA	5	0	0	0	1	0	14	0	0.11953143676787	1.67344011475018	0	0	0.830655829149733	0.825893924387828	0.976930432703801	1	1	1	0.836958529045727	0.832160492765094	0.984343008551126	1	Nuuchahnulth
m̓uksy̓i	stone	NA	11	1.31484580444657	0	NA	3	0	0	0	0	0	11	0	0	1.31484580444657	0	0	0.76320822376285	0.76320822376285	1	1	1	1	0.76899915693123	0.76899915693123	1	1	Nuuchahnulth
ma-maɬ-n̓i·	dwell-move-come	NA	6	0.71718862060722	0	NA	0	0	0	0	0	0	6	0	0	0.71718862060722	0	0	0.664355725555821	0.664355725555821	1	1	1	1	0.66939660363724	0.66939660363724	1	1	Nuuchahnulth
maːʔak	gray.whale	NA	12	1.43437724121444	0	NA	0	0	0	0	0	0	12	0	0	1.43437724121444	0	0	0.852498207028448	0.852498207028448	1	1	1	1	0.858966638564374	0.858966638564374	1	1	Nuuchahnulth
maːmaːti	bird	NA	6	0.71718862060722	0.410118486306518	NA	2	0	0	0	1	0	5	0	0.11953143676787	0.59765718383935	0	0	0.708462825723165	0.708462825723165	0.976571838393497	1	1	1	0.713838371672889	0.713838371672889	0.983981693363844	1	Nuuchahnulth
mamaɬn̓i	white.man	NA	16	1.91250298828592	0.212806338612773	NA	0	0	0	0	1	0	15	0	0.11953143676787	1.79297155151805	0	0	0.476258068371982	0.464889632640051	0.885608415013148	1	1	1	0.479871733108515	0.468417038018387	0.892328074190052	1	Nuuchahnulth
muː-ci·ɬ	four-days.long	NA	9	1.07578293091083	0.602180810265668	NA	0	0	0	0	5	0	3	0	0.59765718383935	0.35859431030361	0	0	0.720894095147024	0.754841023189099	0.853095864212288	1	1	1	0.726363964831989	0.76056846922799	0.859568830543177	1	Nuuchahnulth
muː-qʔicḥ	four-year	TEL	6	0.71718862060722	0.612601619289344	NA	0	0	0	0	3	0	2	0	0.35859431030361	0.23906287353574	0	0	0.87485058570404	0.988405450633517	0.886445135070523	1	1	1	0.881488618571601	0.995905094544141	0.893171142960376	1	Nuuchahnulth
n̓aːs	day	NA	7	0.83672005737509	0	NA	1	0	0	0	0	0	7	0	0	0.83672005737509	0	0	0.511116423619412	0.511116423619412	1	1	1	1	0.514994580272191	0.514994580272191	1	1	Nuuchahnulth
n̓up-ci·ɬ	one-days.long	NA	10	1.1953143676787	0.612601619289344	NA	0	0	0	0	3	0	2	0	0.35859431030361	0.23906287353574	0	0	0.610375328711451	0.758905092039206	0.744322256753526	1	1	1	0.615006624111767	0.764663374683849	0.74996989040106	1	Nuuchahnulth
naʔaː	hear	NA	21	2.51016017212527	0	NA	0	0	0	0	21	0	0	0	2.51016017212527	0	0	0	0.532375943444554	1	0.532375943444554	1	1	1	0.536415409232463	1	0.536415409232463	1	Nuuchahnulth
nani·qsu	grandparent	NA	10	1.1953143676787	0.556032649876389	NA	0	0	0	0	3	0	7	0	0.35859431030361	0.83672005737509	0	0	0.872818551278986	0.872818551278986	0.906645947884294	1	1	1	0.879441165843671	0.879441165843671	0.913525231843912	1	Nuuchahnulth
nas	try.in.vain	TEL	6	0.71718862060722	0	NA	0	0	0	0	6	0	0	0	0.71718862060722	0	0	0	0.792852020081281	1	0.792852020081281	1	1	1	0.798867879079851	1	0.798867879079851	1	Nuuchahnulth
nunuːk	singing	NA	13	1.55390867798231	0.561837671121127	NA	4	0	0	0	9	0	4	0	1.07578293091083	0.47812574707148	0	0	0.823746299122823	0.944059287592637	0.789558264934789	1	1	1	0.829996572137967	0.95122244971697	0.795549132174448	1	Nuuchahnulth
piḥ	observe	MOM	9	1.07578293091083	0	NA	0	0	0	0	9	0	0	0	1.07578293091083	0	0	0	0.734095678274497	1	0.734095678274497	1	1	1	0.739665716541545	1	0.739665716541545	1	Nuuchahnulth
qʷayač̓iːk-štaqumɬ	wolf-groups	NA	13	1.55390867798231	0	NA	1	0	0	0	0	0	13	0	0	1.55390867798231	0	0	0.901027970356204	0.901027970356204	1	1	1	1	0.907864627243165	0.907864627243165	1	1	Nuuchahnulth
qʷis	do.so	NA	60	7.1718862060722	0.475742521260943	NA	0	0	0	0	47	0	13	0	5.61797752808989	1.55390867798231	0	0	0.294429835046617	0.517442395042204	0.371862299784843	1	1	1	0.296663856437432	0.521368550755519	0.374683849211129	1	Nuuchahnulth
qaɬaːtik	younger.brother	NA	5	0.59765718383935	0	NA	1	0	0	0	0	0	4	0	0	0.47812574707148	0	0	0.670690891704518	0.670690891704518	1	1	1	1	0.67577983861255	0.67577983861255	1	1	Nuuchahnulth
qaḥ	dead	NA	29	3.46641166626823	0.228428907036769	NA	0	0	0	0	27	0	2	0	3.22734879273249	0.23906287353574	0	0	0.490866149521462	0.833851302892661	0.5120416854818	1	1	1	0.494590654811099	0.840178248825726	0.515926862669004	1	Nuuchahnulth
qiː-sasa	for.a.long.time-precisely	NA	5	0.59765718383935	0	NA	0	0	0	0	5	0	0	0	0.59765718383935	0	0	0	0.566339947406168	1	0.566339947406168	1	1	1	0.570637119113573	1	0.570637119113573	1	Nuuchahnulth
quːʔas	person	NA	81	9.68204637819747	0.106413199946327	NA	19	0	0	0	2	0	78	0	0.23906287353574	9.32345206789386	0	0	0.34060113982817	0.355320987881351	0.833851302892661	1	1	1	0.343185491485303	0.358017028136262	0.840178248825726	1	Nuuchahnulth
qum̓aː	amount	NA	8	0.95625149414296	0.602180810265668	NA	0	0	0	0	3	0	5	0	0.35859431030361	0.59765718383935	0	0	0.480755438680373	0.564905570164953	0.704040162562754	1	1	1	0.484403227749006	0.569191858364447	0.709382151029748	1	Nuuchahnulth
siːḥ-iɬ	you.all-to	NA	4	0.47812574707148	0	NA	0	0	0	0	4	0	0	0	0.47812574707148	0	0	0	0.942624910351422	1	0.942624910351422	1	1	1	0.949777188967843	1	0.949777188967843	1	Nuuchahnulth
sukʷiƛ	take	NA	8	0.95625149414296	0	NA	0	0	0	0	8	0	0	0	0.95625149414296	0	0	0	0.784604350944298	1	0.784604350944298	1	1	1	0.790557629772372	1	0.790557629772372	1	Nuuchahnulth
sut-(c)iɬ	you-doing.to	NA	13	1.55390867798231	0	NA	0	0	0	0	13	0	0	0	1.55390867798231	0	0	0	0.468618400485481	1	0.468618400485481	1	1	1	0.472174098333318	1	0.472174098333318	1	Nuuchahnulth
t̓aːtn̓a	children	NA	9	1.07578293091083	0.31752065714278	NA	1	0	0	0	1	0	8	0	0.11953143676787	0.95625149414296	0	0	0.652694769835578	0.763805880946689	0.867798230934736	1	1	1	0.657647169028597	0.769601348910033	0.874382753221727	1	Nuuchahnulth
t̓an̓a	child	NA	9	1.07578293091083	0	NA	6	0	0	0	0	0	9	0	0	1.07578293091083	0	0	0.659029935984275	0.659029935984275	1	1	1	1	0.664030404003908	0.664030404003908	1	1	Nuuchahnulth
tup̓aɬ	sea	NA	4	0.47812574707148	0	NA	0	0	0	0	0	0	4	0	0	0.47812574707148	0	0	0.74970117140808	0.74970117140808	1	1	1	1	0.755389618210285	0.755389618210285	1	1	Nuuchahnulth
wa·	say	NA	273	32.6320822376285	0.120323985162579	NA	0	0	0	0	199	0	6	0	23.7867559168061	0.71718862060722	0	0	0.260747102128886	0.844250537891465	0.306267171381651	1	1	1	0.262725551777702	0.850656389256895	0.308591009969757	1	Nuuchahnulth
wa·ɬ-'aqstuƛ	word-inside	NA	4	0.47812574707148	0	NA	0	0	0	0	4	0	0	0	0.47812574707148	0	0	0	0.929117857996653	1	0.929117857996653	1	1	1	0.936167650246899	1	0.936167650246899	1	Nuuchahnulth
wik	not	TEL	139	16.6148697107339	0.0388381931024604	NA	1	0	0	0	138	0	1	0	16.4953382739661	0.11953143676787	0	0	0.189914814502689	0.920392063112599	0.188194451662526	1	1	1	0.191355815744851	0.927375647356377	0.189622399447031	1	Nuuchahnulth
