right	0.4554859150035953	0.5637805949652543	0.579380164285695	0.6111818691042235	0.6230273636438063	0.6735577686951794	0.670776480226664	0.6670735664808994	0.6640732264998791	0.6598905639811163	0.6585860087168635	0.6538565532690653	0.6520439682084153	0.6530552831366335	0.6529709865673922	0.6515449953523585	0.6648408696960706	0.6627533410443378	0.6619200658032335	0.6606100894752613	0.65888606582279	0.6780303833306243	0.6758371264619443	0.6742544098360624	0.6732251278036492	0.6870033186405663	0.6853250308595177	0.6839202868991453	0.6875700198943391	0.6852384856834886	0.6828074847409661	0.681361609061392	0.679797538916316
live	0.2913611693199586	0.4064786608238141	0.3581269198369197	0.3512468175554212	0.3348309968260499	0.3158097916751693	0.32481213172482626	0.34420700826382067	0.3505093050775478	0.3356651630842237	0.33650576395248505	0.3312622543916031	0.33276356901521237	0.3414572176564839	0.33606955219884793	0.3257571654878233	0.3340364536498601	0.34517502875743744	0.3423285388825789	0.34197517902869085	0.34548359041752746	0.3435197520512248	0.34481482121880974	0.34132456746026946	0.3452352576872333	0.34163907857254805	0.3427802836272077	0.3437565636838446	0.349398002758804	0.34574615232822986	0.3451968689480171	0.346833090790001	0.34918831151308305
five	0.3234834526353747	0.35442643442714356	0.27887637848000285	0.2886075731701592	0.29401196858644274	0.30589250598274165	0.2792312528772312	0.29299405614078383	0.2855118006942249	0.27908099169762823	0.27484143838685693	0.27989839583541265	0.2748899741889967	0.272169529591256	0.27164798335262746	0.2801170590007007	0.2759663549777057	0.28729988714436516	0.2827938339704604	0.2849755490318561	0.2947455123959159	0.2880037965119922	0.28605678087992287	0.2863610012771763	0.28914741042521785	0.2844881910610276	0.2870327737159198	0.2857662290608566	0.28738965138785516	0.29060056262520956	0.2927902875724737	0.29859677908412025	0.30214484579816414
year	0	0	0	0	0	0	0	0	0.008541414048291328	0.007770085975526509	0.007135408691511746	0.006539048139276265	0.008710874895674738	0.008091939972379841	0.007655324742915666	0.007240031239456843	0.006831142536018621	0.006461970647498002	0.00618004275008575	0.007641995025573131	0.007270085755805725	0.006975498476531466	0.006700004224063933	0.007907967075941762	0.007603532493177579	0.007276208676613381	0.007032118862365619	0.006846223347229956	0.006632087476745802	0.006465683721856919	0.006288590271258355	0.006128867952243118	0.006001102208815682
thing	0.019667582465206078	0.01215349779308788	0.008110957832235432	0.006302224234222803	0.0052224751520923846	0.004446639907984531	0.0038464121553476484	0.0033951001280843156	0.003035646692263654	0.0027309806965877775	0.002504395784720553	0.0023072855768559047	0.002161265319471384	0.0037115908450310892	0.0034927241559566395	0.0032814695427694296	0.0031087261757959846	0.002932807739159391	0.0028007425767582667	0.0026651695202910253	0.002552159599644273	0.0024539514998961204	0.002358920882909193	0.0022658573366452855	0.00217343697916662	0.002102963568521488	0.002916145320622671	0.002809299020282422	0.002714640865090943	0.0026217594484745236	0.002536718197126408	0.002441433591927027	0.0030374168434196946
want	0.07681540938857889	0.0431754827703948	0.04658548259491522	0.052736584818807476	0.04349277959153152	0.04343678564523787	0.03780402416035043	0.03691206803064783	0.03998691901262267	0.03957440645357211	0.036939253477205364	0.041434237668677716	0.041827399283377316	0.04155736470946679	0.03946566462725769	0.03691092243606071	0.03659200748012436	0.03456301414383452	0.03326284205035767	0.035044120249260624	0.0358029384545655	0.03954845279744701	0.038566536686862433	0.0375149781191344	0.03675957984381216	0.035856042363071716	0.034939796287795276	0.03504634551935286	0.03413992996317661	0.036381636679277386	0.03637334896473755	0.03662515444452937	0.03679691879064706
child	0	0.06539799676677081	0.09757117144630056	0.14696111445149668	0.16180110815133403	0.16132891369333954	0.15890776444551077	0.17672715330270092	0.1943951653325275	0.19282194517391563	0.1837500247433998	0.18630720201361342	0.2174785233111475	0.23489474970380655	0.23186573477926453	0.22586105017527455	0.22091253812490808	0.23356182043635712	0.24882930434841052	0.24567935052766826	0.2572488507718329	0.26034453362033977	0.26015869910672296	0.27243861862898144	0.2753364044440361	0.27078001706449073	0.28364852423566456	0.29657481130948604	0.30586814212470587	0.3062916381460314	0.31770121624672537	0.3238838184977065	0.3259338701855562
enjoy	0	0	0.04511386825708782	0.03625260551167104	0.028180225608259005	0.02422995730719678	0.021053145436956026	0.019146110804885375	0.01704402084140491	0.015872923028427334	0.01440551588904555	0.013042398062641741	0.012172703639334056	0.01158855530771271	0.010639746621209686	0.009818055776663375	0.009236612648445133	0.008723865433165159	0.00809478459852091	0.007711588842095404	0.007159981720311399	0.006723795823408696	0.006335606023083292	0.006052363446000433	0.005867078559569078	0.005663011207536392	0.005476945355453436	0.005435030177897463	0.005329828958222766	0.005197135742047761	0.005181430420473543	0.005147230055439526	0.005086256726158782
anything	0	0	0	0	0	0	0	0	0	0	0	0	0	0	0	0	0	0	0	0	0	0	0	0	0	0	0	0	0	0	0	0	0
come	0.2755728950922047	0.262749067444946	0.3070270688066452	0.2987239173125008	0.29563554095908523	0.2959780305565064	0.2915355716148576	0.2921871606384358	0.2808486282037733	0.28462360002550136	0.290295895310235	0.2832215872015246	0.28070984019748196	0.2755670157665661	0.2794605837741319	0.27185823353950206	0.27286131889667714	0.2706146655906014	0.2653960052358361	0.26327006604857806	0.259171855845174	0.2595277286672475	0.2570429973196694	0.2552774494252141	0.25428067276792676	0.25114842523355674	0.2525745806019198	0.2517425848739377	0.25199874794533134	0.25215405999868185	0.25200417213748594	0.25389031290633357	0.25490180948840124
know	0	0.04643862744521372	0.046174466521495636	0.04016198270371056	0.03636206833486156	0.033136549433675985	0.02887616148468127	0.034260105941719785	0.030839032232909114	0.03075365556203331	0.03195316542460739	0.03207600325779642	0.030889258676784232	0.02978365201662524	0.029185895678374013	0.03266217707030448	0.0309625699600536	0.031629867983664885	0.030981804460236486	0.03099428534270709	0.03046223246333477	0.031387618143492	0.031182304488530963	0.030692081716451616	0.031169449493593744	0.030783214438413305	0.029768808354899354	0.03057553702271441	0.030707868525063714	0.030458573777757927	0.0296419403033227	0.030710672967565886	0.030432222087849608
person	0	0	0	0	0	0	0.02196301302282717	0.020277611819797016	0.01904534751918643	0.017449028206455674	0.016965419340923684	0.016079246598109647	0.015162453475773292	0.014242138504380043	0.013553322435492553	0.013064729625547722	0.012448553228680801	0.011728925328697556	0.011301837115757775	0.010846067327089409	0.010264534769993384	0.009891639390529488	0.009535007932681616	0.009204678219952078	0.008987546608337525	0.008714414743862737	0.008493951667341241	0.007967824535647365	0.007639519824620225	0.007371600003426907	0.014183672463301721	0.013668214062853573	0.013107960649341324
like	0	0	0	0.015286537264354937	0.013132216898526403	0.011502627629988155	0.01040017312288004	0.00947820937479896	0.008511869967928869	0.00779255306958052	0.007267361581936594	0.006857121269282723	0.006428135108799443	0.006082992449883154	0.005659233993242819	0.005280457484126503	0.005006327280370556	0.004819004416029131	0.004457995298233849	0.004171449089666716	0.003910869738832261	0.0036688395572190414	0.0035159958458771154	0.003377274759567325	0.00324147906877717	0.003132838387341127	0.0030225648472019997	0.0029550741360885296	0.002879789696114846	0.0027837935351237267	0.002719708169932142	0.0026888172342442477	0.002649520005852242
grow	0.4353859255436142	0.3970120577425188	0.38528199320381246	0.3879008296225574	0.3687557432822356	0.36198543313505266	0.3395876068214663	0.3307578987085028	0.32996266153398346	0.32657264587293067	0.34592351745385275	0.34264036614268967	0.3449721943853047	0.3391081861065479	0.33356689849780463	0.34028455019519616	0.33410347700996995	0.32615582640516555	0.3272326119756018	0.3273470660467375	0.32744582703233505	0.3230894945080011	0.32446975954629353	0.32241249720412996	0.3153210870809179	0.31004842063364463	0.307270377339322	0.30991876411617725	0.3042587749244561	0.3037557193190029	0.30688355129573197	0.309668031902864	0.3095567774031625
everything	0	0	0	0	0	0	0	0	0	0	0	0	0	0	0	0	0	0	0	0	0	0	0	0	0	0	0	0	0	0	0	0	0
certain	0	0	0	0	0	0	0	0	0	0	0	0	0	0	0	0	0	0	0	0	0	0	0	0	0.013177623555211935	0.012612262353002663	0.01219197435306537	0.011485604813911242	0.011204215707836427	0.010937126655384231	0.010511466644334487	0.010158705303538625	0.01765936906426874
more	0.47658882290132026	0.5118595071429148	0.4741722355640868	0.49881639694175095	0.47140852867482536	0.5007890548735418	0.5273563394923287	0.5275867733178681	0.5283494979494062	0.5192990162741865	0.529747404328806	0.5337686411767951	0.5326287813669648	0.5352139206248131	0.5368239097775581	0.5417972894589452	0.5465748976270056	0.5417309683009947	0.5410010833540218	0.541998113705194	0.5411477707968995	0.5395653171532421	0.5401979038153679	0.5400867603680353	0.5389908255139981	0.5405035233864689	0.5415433660211092	0.543219650658242	0.5414037360157281	0.5408971856454506	0.5438146272814188	0.5439150252658508	0.5453977720199173
other	0.4718131551951429	0.5246019307279569	0.4977236615921022	0.48113380040949544	0.4704653766826342	0.46980134203616986	0.46384557912772206	0.4526628466625762	0.4589799241528646	0.44853750506545564	0.44905922661306436	0.4462603213796336	0.44489072092119974	0.45133936620672377	0.4503232784844053	0.4540028145095486	0.4542089421844446	0.4538634635119246	0.44658530123394957	0.445115821750285	0.44353249756082175	0.4423673975679051	0.4442517997216523	0.4427995170319638	0.44471239415651	0.44603916639902963	0.4449789299096	0.44572783729282023	0.44290899459149896	0.44055017859262424	0.44052887162960847	0.44098972918521595	0.4412272830555796
talk	0.14839050243285176	0.21519897827477422	0.22983403420013174	0.2210969508961768	0.2316038635271399	0.21630992495203416	0.2272920790096292	0.24634786667542713	0.23920252483924334	0.22919170598899546	0.2363627755507641	0.22594497810137	0.22358541514415617	0.21667010955511035	0.20548519746596014	0.20070672905986375	0.2248889564164276	0.22496814284566116	0.22181895042066133	0.21950422883880966	0.22186132575237613	0.22324618984664132	0.22726825493049782	0.23408665278487667	0.2376109398489881	0.241535081834449	0.24090863712285893	0.24114233762669268	0.24545680561164687	0.2519009471358039	0.24863160406823703	0.24581996201170603	0.24700449693489074
make	0.19877880083666308	0.18165920513467343	0.15512375768929837	0.14424011401096612	0.1399487416306285	0.12934305085931286	0.13171079112795656	0.1310897052597669	0.1322003995577898	0.12382087664080935	0.12123912930622563	0.11818523528543917	0.11427502052429026	0.11512686181767823	0.12077417061993378	0.1229157404535548	0.12166626007752786	0.11972032635983525	0.11911631776054596	0.12175608259407907	0.11874668619652046	0.11792290815050967	0.11907468928834891	0.11939499851228753	0.12196310270940054	0.11828224938385762	0.11814696303119186	0.11916473254496102	0.12838649571254176	0.12937482938900033	0.13250819553562243	0.12963312993388235	0.12948492444969814
time	0.034187369144095536	0.018945713869653723	0.02698776717739778	0.04216777197793922	0.05608272467059744	0.06220527774186406	0.06222154260623908	0.06281808083701991	0.06732285149619056	0.06536084230010174	0.07299191477157567	0.07494157244574137	0.07823263157101319	0.07639833526280353	0.07637956615569307	0.0750724697216734	0.07556357740898328	0.07449524613174527	0.07274038362473545	0.07417312540729303	0.07529234134771384	0.07291548517798273	0.07089728860726123	0.0705382025281457	0.06848280879586954	0.06676340431507144	0.06694148619348593	0.06731628166223784	0.06769067361675978	0.07036772446787261	0.07180041349064627	0.07064983883104056	0.07146809136063781
back	0.8596367549519887	0.8091779539560706	0.8047060109587952	0.7954907383240872	0.8028990652389016	0.8302845196199385	0.8446064373685307	0.8538442771108015	0.8409781052838631	0.8522761163683952	0.8366487410027046	0.858818322311626	0.8590124687728783	0.8633646634276312	0.8593888670441249	0.84458502298208	0.8419317722444015	0.8476869412884449	0.8543197745383448	0.8533317980147634	0.8494174431210149	0.8526842235605075	0.8486560071642179	0.8471393276655885	0.8429826075030354	0.8382713439535441	0.8401621455097391	0.837331947066993	0.8364004013412167	0.8337812381735161	0.8366157927340058	0.8411308694759234	0.8437910172830438
one	0.573718031075413	0.6078314435019088	0.5962341473065521	0.5904710572041669	0.5914374854673562	0.5915218653835126	0.5888166261174992	0.5912277558319746	0.5889046019819575	0.5865004377740536	0.5841750748468598	0.582051562633308	0.5824501404568244	0.5839133046819192	0.5827344766142233	0.5801529898981667	0.5787814242030028	0.5799125597932107	0.5772488094460596	0.5761655822241266	0.5727082844846058	0.56970010355437	0.5679310823837802	0.5672675353614196	0.5658161987202733	0.5646598270267589	0.5657978543199221	0.5670885433223937	0.5675837436434319	0.5687095850515946	0.5697502258900842	0.5710775828627197	0.5712707270498446
four	0.42210199594763675	0.45235281677814737	0.4648488589901968	0.4364859515654513	0.38273627897469076	0.3871504968225904	0.36897929777922284	0.3922616768748662	0.38100794778262503	0.36794202126143605	0.362034864490416	0.36208206071648324	0.345030028165955	0.3309914334467062	0.32425696848642904	0.3313776456561212	0.3281200549850605	0.3186792587755271	0.3202636952176862	0.3249963786350142	0.32025203613844266	0.3208296991894755	0.31998967657630367	0.31346744901247453	0.31134039959888127	0.3146049267749783	0.3113354424420025	0.3085731009986061	0.3087391667742858	0.3080748600954729	0.30739082456910743	0.30521660952158536	0.30129550579631464
take	0.038379852095218756	0.040891918425582874	0.07409870600210793	0.060327503802311444	0.04802202514888923	0.055334071654017894	0.05011839593677921	0.04810217508369417	0.04470513318154399	0.04389209189935793	0.04074325282640871	0.04365861487625798	0.048495461060008564	0.052450730873352225	0.05459542509968416	0.05442778203587768	0.05153493676827626	0.055455153249554974	0.058852727068757216	0.056975652730294535	0.0578972414145595	0.05587929111758553	0.05760417398094262	0.05683094747157208	0.05809487186548932	0.05889553505447366	0.05827093436587752	0.06013770779828875	0.06069951622793067	0.06118824146783423	0.06308758117422952	0.06451515435695165	0.06593048320748034
different	0	0	0	0	0	0	0	0	0	0	0.012058429940498617	0.011502627629988155	0.010891394172781158	0.010158705303538625	0.00944447452080408	0.0087618872492426	0.008293508588070007	0.014282610717177631	0.013737432340164816	0.013087142977888915	0.012478902557535084	0.011872972013764404	0.011351331339123246	0.010906592988509118	0.010420849106591152	0.010074413946489197	0.009751620193362391	0.009399890183961599	0.00907925501181199	0.01250941021713389	0.01221777012591782	0.012014605512092198	0.011740786775684872
little	0.3312291058252062	0.31800830914238176	0.39098422084366485	0.4235249183604112	0.43441108526935707	0.4601420045592444	0.47475875211416496	0.46832378118189344	0.47487173302379015	0.4719988664662703	0.4750308528991417	0.47716696991913743	0.4797347162889852	0.47349529656330475	0.48061586898112507	0.4792629428481483	0.47831827363219276	0.4821175279264583	0.48640711783239593	0.4873498720207948	0.486399012762118	0.4868714968295422	0.4898203946406576	0.49347976429207907	0.49464461542385607	0.49314915965386275	0.49559264624410526	0.49923211610762186	0.5004035293954803	0.5028993173696013	0.5057053208394546	0.5073449178269605	0.5106073383558376
way	0	0	0	0	0	0	0	0	0	0	0	0	0	0	0	0	0	0	0.0036946706975751475	0.0035159958458771154	0.0033621524176064045	0.0032519643269906862	0.003141507075457652	0.0030295940974233533	0.002922039895797554	0.0028388081360588456	0.002746437736912353	0.002653319067867595	0.0051288941392493865	0.004955418678705582	0.004780392758419161	0.00463385777223373	0.004499699598275931
think	0.08024661572906376	0.08364142880757686	0.09135055651299336	0.08180354444762696	0.07046065129514466	0.06846770101827623	0.0706040349908481	0.07397201441672582	0.07327348249426767	0.07128947606172013	0.0709586821964102	0.06723132512244716	0.0692311607861767	0.0662260931260573	0.0654736826046445	0.06355818299516329	0.06310444022118125	0.06337418253717095	0.06391496527500762	0.06510652843639386	0.06551268812215791	0.06355451573418433	0.06337978948186067	0.06220058870275758	0.06146700707565448	0.061292660627482294	0.06160185930705125	0.060347934812760816	0.059846292128507284	0.05996475053231727	0.06044678151771135	0.060445927610406444	0.06011406725929194
six	0.5618376711211267	0.44648942804312924	0.41304702945118377	0.37330396038588737	0.3822906191027707	0.3538609752368993	0.35368467226162836	0.35421415656207383	0.35933177648113535	0.35565558046085677	0.34295098019812786	0.33564541198116077	0.3300240553325751	0.321668866031671	0.30921760965144773	0.30274030041581773	0.29214719023222163	0.2823405947038191	0.28912287036619483	0.29148751863330946	0.2931860360833785	0.28249217886224176	0.2941603102278813	0.2978850537426184	0.30220198862939035	0.30324206153169214	0.2987101857540039	0.2977830512849924	0.29248091814384314	0.2951362475815383	0.29439285700210505	0.2878015432812535	0.2884616244165775
whole	0	0.038379852095218756	0.08750543404397773	0.10437283779332174	0.10611636893075961	0.1051278403093671	0.11691709774353413	0.11389838406897279	0.11094459359118153	0.11712137493686438	0.10881609453905806	0.10387607569052414	0.11112988052945828	0.10511449130740812	0.10517860047268811	0.101468028896138	0.1006263990022913	0.09962782984646924	0.09474016230651817	0.09678840093557525	0.10241641685625666	0.10513658822506623	0.10397501267914652	0.10814900739581028	0.10771783227874805	0.10484516738768185	0.10185619954613127	0.10230704597448535	0.09986032038121148	0.10437283779332174	0.10181518610006067	0.10343340347071389	0.10236970279712188
everybody	0.34295098019812786	0.24355080981048782	0.2682994785636166	0.27514509907817936	0.29307629920531136	0.29342640262469305	0.28054106325508743	0.2871656462250472	0.2761791746173195	0.28370711821137035	0.2973395114694788	0.3051947568663745	0.3064954119964053	0.30109291915745834	0.29342640262469305	0.29821820763705614	0.30242195136961153	0.3070537316173815	0.3012872463823261	0.30209599257130126	0.30656170294788376	0.3107297396183151	0.3112153273538625	0.3131732936743746	0.30569993045811616	0.30527298231504857	0.30388988851625026	0.30301827790168717	0.3007989255192371	0.30124132698774175	0.3035493509241927	0.3037108725168036	0.30204090706760833
see	0.0331640345240519	0.049359190026336076	0.04722417867446023	0.04097308813444393	0.04062309932361003	0.04101340761839208	0.04084453465784078	0.036609216135174566	0.03636705699545283	0.04281076795791439	0.03876663466372421	0.036397572296477505	0.033906546126014826	0.03418633394957864	0.03167541617362999	0.030208880858304095	0.03575963125703181	0.03453919597519231	0.03774081552492268	0.03605249394272266	0.03443693717046752	0.036961778402968486	0.03553184533429553	0.03427106146496503	0.04200867552344538	0.04259674231345724	0.049261007429534535	0.04808235350356876	0.04799368425723366	0.055564742207460806	0.05522655633208652	0.05584357594042288	0.05609771383296845
day	0	0.022666517830435284	0.13417266325536123	0.17829569423957703	0.16395704736621589	0.19298979079923728	0.20278894194563188	0.19861769948679853	0.21011935556850275	0.21899842850795959	0.21386530337453089	0.2385742515236711	0.23831627005739642	0.23871754959389985	0.2490566716186713	0.26096098131112366	0.25433142115960794	0.2620046282545986	0.274680859260099	0.2874095023879872	0.2917302096048125	0.2947855119466737	0.29919690535999294	0.296369200175677	0.2903083738181675	0.29024752060081255	0.29902878619298984	0.30236326006705755	0.310408430205309	0.3082227424568381	0.32336866401164144	0.32837802336344624	0.3293655911822951
much	0.4230542167469262	0.4456093370450385	0.42587033443449107	0.4616615167614375	0.43450990647817883	0.45783371842029597	0.45280615779010336	0.4592318373617876	0.45286532411550773	0.4459243295121551	0.44279239923779673	0.43788819359245834	0.4415731478497516	0.44392980939893056	0.44047999343626276	0.43661504525282163	0.4403024200916638	0.4383604346292572	0.43364690889527163	0.42810089363596365	0.4346067975572184	0.43557935134431724	0.4309713080797978	0.42895757585364686	0.4289116835183289	0.4256467394475415	0.42628308713506535	0.42632477668748353	0.42730930474676176	0.4293817318621264	0.430036820008721	0.42921369006911264	0.4290086273934949
something	0	0	0	0	0	0	0	0	0	0	0	0	0	0	0	0	0	0	0	0	0	0	0	0	0	0	0	0	0	0	0	0	0
door	0	0	0	0.05056021659491215	0.07515384534425938	0.07280323237912864	0.06855080705891833	0.06551804888550822	0.08435402135673152	0.07964790372684365	0.07089171513411376	0.06789396188302009	0.06588110315411078	0.06376615444601295	0.062220423861884484	0.060753969660196014	0.058784556702822	0.05642214721440075	0.05490358319461704	0.06795902890970877	0.06462917964710849	0.06376615444601295	0.09533157437375632	0.09395026402264656	0.09195847233543214	0.09089130685067806	0.08804229675065417	0.08519835815717174	0.08170396859504275	0.07975329937049512	0.0868324206021798	0.0858438519377388	0.09268530718604262
say	0.041092706905238904	0.03569525422514097	0.03812503407155258	0.04406534453291978	0.05733308319186549	0.0585497053609634	0.06469324641803928	0.07184603965534175	0.07196007874617193	0.07196176957547495	0.07735854443658433	0.07928354679862679	0.07981844452285225	0.07909990986486937	0.0788924635866887	0.07551315258901133	0.07920935465904146	0.08078889369559944	0.08274616917459214	0.08136088578939282	0.08080732613801449	0.08276545323459017	0.08435410620583633	0.08616650322634295	0.08624063226375474	0.08705685977160245	0.0881289046077849	0.09046704749321356	0.09312942469954348	0.09370383024025314	0.0944364851982687	0.09581636113962268	0.09539931038999781
end	0.6308150801709358	0.6708195518766283	0.6872449668726734	0.7580995911024119	0.7488978179709491	0.734295656281998	0.7379814424938015	0.7404060142481603	0.7305400501635038	0.7235782231696369	0.716903042772257	0.7123237962614729	0.7074486387696836	0.7086053492029873	0.7079725860878515	0.711388797192776	0.7101342708257555	0.7138218880840979	0.7151341752958705	0.7128311996983266	0.7142483287091661	0.7199325108560246	0.7198855271625691	0.7180664526886825	0.7190700033497108	0.716960362945694	0.7168112283662532	0.7191597269186508	0.7167820806007912	0.7169713000933716	0.7166317924800756	0.7209084285159346	0.7209470543201175
pretty	0	0	0	0	0	0	0	0	0	0	0	0	0	0	0	0	0	0	0	0	0	0	0	0.10437283779332174	0.09873486775522972	0.18702753639448705	0.18394691317125655	0.18097519948921978	0.17810654129291528	0.1753355032053231	0.17265703141636932	0.17265703141636932	0.1700664204727554
old	0	0	0	0	0	0	0	0	0	0	0.040545143452304304	0.038182421649493974	0.0503524831347656	0.047911560407607565	0.04502559764587546	0.042832409996210956	0.041013631244498486	0.039425256444635355	0.03730704426484074	0.035418687627746824	0.03341572998953743	0.0319146652614679	0.030592934843425	0.038232846997713635	0.04438486814557889	0.04298327857618427	0.04182012396197921	0.04072247186581941	0.046266558013014415	0.045661845531212705	0.04473831883784268	0.04955168097155299	0.054381073695628925
believe	0	0	0	0	0.035281362602143373	0.028180225608259005	0.025284951260015814	0.023112381983147065	0.021433009025418323	0.019667582465206078	0.03275685109522047	0.030385617915177986	0.028238460970756375	0.02669991736836544	0.02551732208113892	0.02448475296693802	0.023696961818463855	0.02220385205419624	0.02130476320538444	0.020335090071282258	0.019830022284945764	0.01889631458945828	0.018187078308203677	0.017428288604295433	0.017004622882350613	0.01658376049267157	0.01602712945916619	0.015508993469810169	0.015255313153529727	0.014861457151446227	0.014474778591319053	0.01400435652238313	0.013663150787040923
never	0	0	0	0	0	0	0	0	0	0	0	0	0	0	0	0	0	0	0.41011848630651815	0.41011848630651815	0.34295098019812786	0.6223659728744495	0.6223659728744495	0.5816718657178869	0.6567045482143387	0.6254181156238111	0.7248340915057601	0.7248340915057601	0.7248340915057601	0.7248340915057601	0.7248340915057601	0.7248340915057601	0.7248340915057601
look	0.26494071448671774	0.3110115322096943	0.3153571672485377	0.27164238973979765	0.25582309130380404	0.2432236491429567	0.23935512953503896	0.23288824126390562	0.24238678613687156	0.24816768396830402	0.2546296444565952	0.25247697942234126	0.2621807723846689	0.25257177731776925	0.2594821548446859	0.2599600299815351	0.2513883247935184	0.2552420808622371	0.2631917824217031	0.261226420568734	0.26183573319819486	0.25998158564744683	0.2593758751641932	0.2593148815058688	0.2645569855791907	0.2661369843873361	0.26464531991977225	0.2683321621258447	0.26655921222272433	0.2636577689690051	0.2614100645120942	0.26368064641183975	0.2631042515666067
try	0.30834307585738535	0.2816599638180405	0.22163057858938562	0.24513655928829153	0.23798745567282012	0.2743699994528527	0.27117946364019196	0.2639422076668417	0.2398513298884026	0.23178835346962373	0.22731655972437234	0.227915513400841	0.21912643842946172	0.2182745706894032	0.21475547275971216	0.21857990070914082	0.22045957995067744	0.2217835981840633	0.21863087554865915	0.2178946968733707	0.21651294273487715	0.21806006204981174	0.21311047010582126	0.21199850561403974	0.2105117192129069	0.20815941286153286	0.21021658611658856	0.20568101286639473	0.2029540208332527	0.2000894524408998	0.19871908020789725	0.19611981893367994	0.19495289523642576
name	0.45388180719468524	0.4957160766586026	0.5128911824147582	0.5002526708700815	0.5110069638079585	0.48892677340949586	0.4881155608195253	0.5038728567311651	0.5005469944672007	0.47839361887748577	0.4833611569600236	0.48611686051117087	0.4691330188503287	0.474330664725285	0.4958026795936744	0.5121320918596836	0.5210156209391688	0.5182030617657953	0.5179756755801713	0.5127941665787221	0.5137824564250292	0.5140189444132122	0.510619068336528	0.5034402804586848	0.4867057524540818	0.48457639250168094	0.4839996242509934	0.491908342238855	0.48582688530284296	0.4888367538041969	0.48726694290628314	0.4863004564833118	0.4851494415772287
hard	0	0	0	0	0	0	0	0	0	0	0	0	0	0	0	0	0	0	0	0	0	0	0	0	0	0	0	0	0	0	0	0	0
decide	0	0	0	0.04576586699420693	0.038379852095218756	0.03509380555880791	0.059653361280828536	0.07176018723959814	0.06789396188302009	0.062220423861884484	0.059555449967398984	0.056596537612741644	0.05393948535490429	0.05153918162716646	0.04948957699395762	0.06960363249392033	0.083050244564268	0.07916165852341574	0.07688562767987697	0.08241872025827211	0.07967615606025695	0.07631248817869656	0.08217578725224788	0.07861906491356534	0.07750641963566009	0.07584189707354101	0.0874551679682348	0.10143275200517178	0.09823897807232612	0.09588778073003515	0.0931748353823665	0.09107596296408833	0.09724864475712489
two	0.4144496379956136	0.3925724663663698	0.4504934849329186	0.4567512459556574	0.4485269784761234	0.4546924160426625	0.44412790062812946	0.4388867149353322	0.43688684353640095	0.44178692604462794	0.43557802024325354	0.4321112465351269	0.42105217561108504	0.41949453731092057	0.41848759888481085	0.42460969102012125	0.42387906901697564	0.42286263356977327	0.4248095385334592	0.4227311901434563	0.42417080326490036	0.4254629683204803	0.42680644766338466	0.4257977996823629	0.4252192169561573	0.4266611138770749	0.4237270447665771	0.42560132613129537	0.42407297504538566	0.4228842411235422	0.4206850408473899	0.4208340926057274	0.41871902647460724
friend	0	0	0	0	0.02422995730719678	0.021895227696736755	0.019939923794226645	0.017919064414943495	0.016509620516208964	0.015162453475773292	0.014215292865956682	0.01322336673594484	0.012408331575957266	0.011605905423593986	0.010952461922547806	0.010171806765063851	0.009781699161570491	0.009388813994377042	0.00900775557579533	0.008686192876830028	0.00840554972063966	0.008070652865119264	0.007845023591810692	0.01517880437444408	0.01465026592812311	0.014294242811791457	0.013862588222104854	0.013589847968413178	0.013296302202131485	0.012905217711305117	0.012565963980985657	0.012182985949698362	0.011932659327359261
here	0	0	0	0	0.07928140262964779	0.06309357033041676	0.055067920435922464	0.04821836040964679	0.04511386825708782	0.04028719003267743	0.06410833808556288	0.061165236413078194	0.055067920435922464	0.05293562726868115	0.06949402971661182	0.06662052655955675	0.06354023144779387	0.060753969660196014	0.05859520864160395	0.05624892016191732	0.05393948535490429	0.05226404585340139	0.06276303119419689	0.05994920739629085	0.058360379488116336	0.056596537612741644	0.05421686500036149	0.05282239839474528	0.052374689757327994	0.05025404953886276	0.05901353834326829	0.057777580547563316	0.05496919012062534
feel	0.08519835815717174	0.04356846429756592	0.08519835815717174	0.06795902890970877	0.05582086409233148	0.04821836040964679	0.058689716657138076	0.07654418410367272	0.09103009750809188	0.09270542673183677	0.09156794473365987	0.0965090451519983	0.11209985976961599	0.12540676115388302	0.12289035524053762	0.12737651776747272	0.1284170662739994	0.12977381821914863	0.12844206539235495	0.1347331770677793	0.13198992112790192	0.12753797695825125	0.12393254078540818	0.12132406432838062	0.11918919788278984	0.11745986084283871	0.11565831087845053	0.1277199797090686	0.12500703304778735	0.13214750322966307	0.13786947211681824	0.13923097668427076	0.13487706628261156
area	0	0	0.03585725496626755	0.02877448262723903	0.024833582354913883	0.021760994801983975	0.04910063752150604	0.042318693294055014	0.03822965644459334	0.034908387430478784	0.03289137624601371	0.038379852095218756	0.03551887519842685	0.03353995658342376	0.031376045053241625	0.029849266716856317	0.02758399569677761	0.025802304943550167	0.025079670471193978	0.02406323314836778	0.023188532123893303	0.022648340221111243	0.02157928099683473	0.020702403512565894	0.0199537533980767	0.02345152409576128	0.022901989588862706	0.02226670169980927	0.0288266781541316	0.02834730263681493	0.027836168416828403	0.027159105383185642	0.026545672913683968
manage	0	0.2772917256537885	0.20363696854060853	0.1876840927049947	0.3237837983572335	0.2870860727445793	0.25223944821098915	0.24075048345657662	0.22551252157564503	0.21647219270161083	0.25305229619307174	0.2211869764206194	0.2152570613363183	0.20966536979107028	0.20438288910874633	0.20184944473612967	0.23640517006054734	0.21036602621809583	0.20431529924656608	0.2004889985454576	0.2244224994142044	0.22249568927569618	0.21513881669657856	0.21165703559992077	0.20505187248268467	0.2003872434923453	0.21963411997708232	0.21211938652887782	0.20650214695808503	0.20650214695808503	0	0	0
work	0.6772057479915754	0.6804158870712371	0.7154216998399968	0.7305543379125815	0.7098690702433192	0.7052466920038882	0.7140975828060185	0.7037890871729421	0.7057119641679482	0.7110640052481366	0.7104931093931806	0.7143912042384994	0.7074932734844531	0.7032041413826382	0.7061902820008996	0.7071247359918673	0.707109804328471	0.7090447497326897	0.714650316245137	0.7120110955292175	0.7144825141001474	0.7197126268115457	0.7194817789799534	0.7177512428601635	0.7157164135603161	0.7125712311033318	0.7088958757224847	0.7107048775729287	0.7126857782005748	0.7153987655988521	0.7136793476898003	0.7071301697598749	0.706848746696856
put	0.15286935115005695	0.09700051594836433	0.0706072911193578	0.07994378149557158	0.08213042957126582	0.08056809838116026	0.08528766311840262	0.07443816656895874	0.08758719140886702	0.09659608598841037	0.08948223922749042	0.08480899458708134	0.09341456146583803	0.09136320450057311	0.08958222586732129	0.09231096500685636	0.08830897163391795	0.09355370104647391	0.08999546078276874	0.08962018982890714	0.09438644899835277	0.09165307019774499	0.10122463516955767	0.10307060670100239	0.10202040222869073	0.10298713749674472	0.1046224057461858	0.10236790574694779	0.1023370265580745	0.101514860547659	0.10431341850628115	0.10353778482604473	0.1094857975288338
down	0	0	0	0	0	0	0	0	0	0	0	0.41011848630651815	0.37330396038588737	0.37330396038588737	0.34295098019812786	0.3175206571427802	0.3175206571427802	0.3175206571427802	0.3175206571427802	0.3175206571427802	0.3175206571427802	0.3175206571427802	0.3175206571427802	0.2959032742893846	0.2772917256537885	0.2772917256537885	0.2772917256537885	0.2772917256537885	0.2772917256537885	0.2772917256537885	0.2772917256537885	0.2772917256537885	0.2772917256537885
need	0.08650014043703722	0.047850662929021535	0.07785148083450505	0.10606707369939432	0.16241272615990426	0.14893447567262152	0.17963129983255352	0.19525434800246572	0.19139130631833512	0.199298715549068	0.19759650053025066	0.19159759654787006	0.1953485750078831	0.19678226972118196	0.19034975361955397	0.1862850962676828	0.17935169486859276	0.18922880893764016	0.18312377572438165	0.193780458964113	0.1921131465228297	0.19107438462174978	0.19443365011612512	0.1920563713542734	0.19090819469142403	0.18997925315800124	0.185608240586376	0.19009282254679502	0.19136218629783144	0.1978701093481484	0.2100964027823481	0.21816697618097639	0.21973039770454314
week	0	0	0	0	0	0	0	0	0	0	0.013339222369802657	0.031206163340713737	0.0296101884025014	0.0280645268241358	0.02699659421228643	0.024892762467948925	0.023342460980687114	0.02228539723369143	0.021073869951376206	0.020182584859727237	0.019455379095516496	0.018573906516630274	0.017759398715614147	0.017284575696915994	0.01672155142458381	0.016114193279006813	0.015455401782056321	0.01502038183196362	0.014725315626783659	0.014305201662165772	0.014082669759176413	0.01370018403820744	0.013292620920019286
run	0.35002604988373553	0.3553933514345072	0.3734362839415642	0.360355692637341	0.35584338772767427	0.40308636959566063	0.43663134942594856	0.48524713201338504	0.45649915280291137	0.45089001835050135	0.4420493758651688	0.4708785145224844	0.467229754386958	0.483405379348156	0.4738860174537414	0.48982256552083014	0.49954543148055863	0.4902405287268446	0.4999920151862748	0.5026617723175729	0.5023925100107828	0.5011447009364602	0.5054234142599169	0.5041728976348882	0.504257177484891	0.5026891619616047	0.5090746745048905	0.5146214791082901	0.5140159826108025	0.50859408698545	0.5125334921255332	0.5104852513266087	0.5086215925249102
big	0.04609958865310732	0.05139681656695025	0.05822046117973634	0.04701586857441845	0.04079658013847723	0.03598800055470528	0.031696889325361285	0.03600441617795572	0.033246785650176684	0.03076658172347769	0.027892882403537975	0.0313906991644535	0.029472975729755414	0.03243877876096228	0.030919501515928077	0.0334496196197661	0.03568719926198241	0.033817228090077436	0.0357060083267024	0.04065627853794418	0.03873298840443245	0.039914074543264545	0.03839871627716368	0.039641434008954604	0.03834507847322197	0.041623280996600995	0.04651470467407934	0.045419232597086016	0.0443609474429562	0.04342019188034302	0.04430221125995586	0.04508179558728166	0.045640106743715186
first	0.2886075731701592	0.2531019146323396	0.2020628302823175	0.25115555511590243	0.25467850812888454	0.24792308627648613	0.274271851402396	0.2995897304099054	0.31080777352210387	0.3135472511786081	0.3203812214348809	0.32765405450493484	0.33035056120542194	0.3234834526353747	0.3198186127379322	0.32178373383132697	0.32604141610902687	0.32183290271183723	0.31961808383514406	0.3255262694055488	0.32111173724769226	0.321668866031671	0.31997156738935256	0.3252790164440941	0.31909872562639985	0.31769008831651335	0.3226989029736876	0.3219496630683467	0.321804668236796	0.32405158276441837	0.3251797103100347	0.3240246395394599	0.3282788939453057
house	0.031157989101914422	0.019455379095516496	0.07295494715343621	0.10241641685625666	0.1077129892676652	0.12094312642306183	0.13537310192937452	0.14132390177604615	0.15656803170470457	0.16645424001589507	0.17551239144299513	0.17249254827534277	0.16656118253744426	0.17277315560046566	0.17684019027582926	0.1762513112007296	0.17010921279631813	0.177546447068953	0.18469696747106487	0.17810540892588644	0.17560343328388298	0.17492279172333608	0.17332692980583106	0.17019540051872362	0.1779442869678749	0.17464134420479308	0.17482814669153404	0.18394069073954078	0.18290416937275256	0.1830889706278771	0.1840227079849837	0.1837842532920356	0.18173538373481218
three	0.3826410623409754	0.3205879948080872	0.33702854391874093	0.33112848374158577	0.3361476172408172	0.35742357724385637	0.363618916513054	0.3848929275918231	0.37777755025988874	0.36230776661645814	0.35320122175903407	0.35043278800471	0.3401960203804112	0.33566101265348863	0.338359487786851	0.34400264629790095	0.342761934553551	0.34320222183062754	0.3441569170227685	0.34129576186725935	0.3407948712811299	0.34746933065550173	0.3450934287121503	0.34147876844567204	0.33449301372922136	0.3404077090178958	0.33981914372155747	0.3433549659134879	0.34233839845138153	0.340418471978332	0.33860117828598685	0.33903059918708944	0.33823278201930473
able	0	0	0	0	0	0	0	0	0	0	0	0	0	0	0	0	0	0	0	0	0	0	0	0	0	0	0	0	0	0	0	0	0
problem	0	0	0	0	0	0	0	0	0	0	0	0	0	0	0.007273784726330227	0.006885607557332255	0.006508309704980882	0.006158764632629623	0.010778825631023739	0.014658239089649845	0.014091429036187006	0.01740760170752053	0.016781812756898863	0.016096699650293252	0.01559013048276709	0.014846741958318007	0.014453925159195911	0.013768638254467447	0.01592055730348295	0.015255313153529727	0.017277795455333568	0.016497332737882914	0.0157495988437219
pay	0	0.14839050243285176	0.20584639351470166	0.21338229988476212	0.34309790389243705	0.3324247196444564	0.30906732837309364	0.3159263592904398	0.3552157629795285	0.3233894622583299	0.3272956840291005	0.32624384927995775	0.3155014851531064	0.3143663720438138	0.3096809009836985	0.3190997500973885	0.3182255771130072	0.3280803046900689	0.32908752108662687	0.3202711286216168	0.3151535798600925	0.32048467183982604	0.3155672494261026	0.32137353545721664	0.3177329010319642	0.31938380264344757	0.32012585168034585	0.33448576078469777	0.3394750783688695	0.33253092250332017	0.3247577473726845	0.32543522775271594	0.3218853922455441
important	0	0	0	0	0	0	0	0.11076919850004079	0.10641319994632664	0.10053869578184364	0.10053869578184364	0.09700051594836433	0.09068111698162357	0.08784624178284851	0.07928140262964779	0.07614124243230619	0.07326045584796959	0.06737827067028503	0.06588110315411078	0.06445454473665377	0.06243623764645334	0.06055058271233891	0.05712681103082604	0.054097609562680324	0.05226404585340139	0.048972459027300255	0.04713318903179461	0.045437334733564	0.04386832304434453	0.07372399086444534	0.07103486634489174	0.06815504796768246	0.06342792191745472
move	0.21280633861277304	0.30830966229235723	0.2741488610205336	0.2511891113320633	0.24701535052275986	0.2214225240688959	0.23468764719594865	0.25582309130380404	0.2690369116604249	0.2544229107633115	0.24403174156324473	0.2395323706997012	0.23698059643589928	0.2399964827575906	0.2467916460420866	0.24504780264299988	0.24031740323531378	0.2540639470424133	0.24455536562304367	0.2434636438996141	0.2347163500782815	0.23842604015323415	0.23504749474064887	0.23179288777120546	0.22702100362389263	0.22479202061498177	0.22308446925623335	0.22632965196193283	0.23539626591166116	0.2354809865363055	0.23266700089497072	0.23766274913410929	0.2358512042026334
difficult	0	0	0	0	0	0	0	0	0	0	0	0	0	0	0	0	0	0	0	0	0	0	0	0	0	0	0	0	0	0	0	0	0
away	0	0	0	0	0	0	0	0	0	0	0	0	0	0	0	0	0	0	0	0	0	0	0	0	0	0	0	0	0	0	0	0	0
man	0.18097519948921978	0.10103030899201366	0.08153971058796107	0.06088180046129814	0.054544405919887226	0.050369703183428226	0.04745951069762289	0.04590984494195259	0.04405024259000154	0.04100892851218863	0.038797098097968184	0.048810888680245315	0.046731517773062274	0.04436134632146614	0.07190537458547964	0.07726136835126222	0.07361143262585836	0.06998149645351656	0.06878465940133796	0.07359396846548616	0.07189684266149762	0.08333381749282537	0.08110038187010403	0.08811459333686478	0.09763817335714862	0.09659358994732414	0.09994640708130845	0.09937200743419901	0.09714464730200888	0.10105715241937666	0.10006655828530976	0.098461820989987	0.10110381051726648
order	0.41011848630651815	0.5118595071429148	0.48215936096968104	0.593254388190763	0.6309297535714575	0.624360210902021	0.6206508117230533	0.6126016192893443	0.6139930976280668	0.605261027701217	0.6086516760632021	0.6126016192893443	0.611410839272946	0.6158004670725817	0.7121233503942201	0.7091383275675168	0.7108945296398509	0.7034857639647214	0.7036300635421334	0.7009693851057704	0.6992191970078259	0.701453858883923	0.6976249911268485	0.6974474757589277	0.695597137971276	0.6916990627349222	0.6901835062389475	0.6884098821701464	0.6880958177606928	0.686357323133405	0.686357323133405	0.7000781540875323	0.6905999345254026
woman	0.1876840927049947	0.08923904665092416	0.1297144305253523	0.10193980330468348	0.0899537561267399	0.07983254630049165	0.07793920045724895	0.07257694603568973	0.08344611643880584	0.08084600994667711	0.07820365949012077	0.18654113458905425	0.17895195165865185	0.18604378565913102	0.2051040308507482	0.19659338690056496	0.1895859630726546	0.17710282526337828	0.1709405094267213	0.16975499584515777	0.1707047449776284	0.16615176516782743	0.16093809202855322	0.1580722844924825	0.154825145791961	0.15325613447985192	0.15413170132134688	0.153624006336694	0.14969153842302912	0.1482734627845122	0.14711417651283162	0.1459747147660987	0.14625775052666262
father	0	0	0	0	0	0	0	0	0	0	0	0	0	0	0	0	0	0	0.02237938271711743	0.02169453823553014	0.03728348674422633	0.03676024330295324	0.036555356079579104	0.03595521773784175	0.035281362602143373	0.03472507081913097	0.03341363159924917	0.03283742344133913	0.030943173171727928	0.030385617915177986	0.03004799300132466	0.029269704205992883	0.03987307771910096
transfer	0.5118595071429148	0.34295098019812786	0.3175206571427802	0.2959032742893846	0.5462947022805018	0.5152734452350944	0.5152734452350944	0	0	0	0	0.34295098019812786	0.6567045482143387	0.6567045482143387	0.579380164285695	0.6126016192893443	0.9656336071428252	0.9206198357143052	0.8443536850036224	0.8726389366057714	0.885190291760647	0.8452340439095356	0.8716047565197956	0.826875953934666	0.8120406807941001	0.7976051012250925	0.7567751872715527	0.7315975941709252	0.7195974817108706	0.6858128831725212	0.6752479204674179	0.6650099119652509	0.6976159330028843
husband	0	0	0	0	0	0	0	0	0	0	0	0	0.024272027040390665	0.02270296719242109	0.020807817829562265	0.01907043167080793	0.01823258491007169	0.01763809085199674	0.016309343281733005	0.015286537264354937	0.014364297079560643	0.013675471427413488	0.013075926049306266	0.012653910533270644	0.012230711733561305	0.011937186599189355	0.01158855530771271	0.011468635625467651	0.011301837115757775	0.011100466525564989	0.010991001374075585	0.010853593866665172	0.010589465423001007
wonder	0.6309297535714575	0.5118595071429148	0.3175206571427802	0.30274030041581773	0.28396044568351514	0.30839131322707836	0.3042947866649335	0.2709402269259997	0.25397977573587566	0.24335092202606784	0.251891713034082	0.24024668630589135	0.2303011102706171	0.23185592334582694	0.22614869093006085	0.22617382506961237	0.21831275171876827	0.20904866215852347	0.22967925126889185	0.23973005760041627	0.24716135839258777	0.2502484153328249	0.2408700514747532	0.23422767719407728	0.22101363121449255	0.2125337889161082	0.2112764849430533	0.20556512077292283	0.20604936766116777	0.20161930255657634	0.20271097727846782	0.1998423502640704	0.1938830936542434
hate	0	0	0	0	0	0	0	0	0	0	0	0	0	0	0	0	0.02422995730719678	0.02349860130016823	0.02209994439666674	0.021368679684130153	0.020509641256720675	0.01940309243808427	0.018945713869653723	0.01846382774297529	0.01787521504286995	0.017449028206455674	0.017004622882350613	0.016472815792013467	0.015906916334905923	0.02761177194891791	0.027336688336526242	0.02659687437209384	0.026242860067143544
good	0.14625775052666262	0.19891028299685246	0.15577753565335756	0.15385067563587604	0.15248471779970635	0.14625775052666262	0.1512548257233678	0.1646707034056124	0.16785328599251406	0.16799829629140187	0.16802889589916853	0.16670339839048898	0.1683099680160561	0.1619455538324718	0.15650920033259727	0.1613828208274263	0.16468285154178708	0.1651697013859493	0.1690023107299371	0.1672943434712799	0.16566515494399217	0.16433349488815577	0.16577842706366977	0.16759760480746538	0.16718137968969501	0.17109002843791032	0.17271958059211046	0.17303288937467548	0.17128057353065676	0.17255703978053813	0.16990265308342795	0.16925965907856041	0.1752759470232604
fun	0.5618376711211267	0.5966452229439912	0.5488411777618437	0.5583498890229236	0.5429500020770713	0.5323521571824298	0.5519132350406425	0.5590238881642766	0.5518385753891194	0.5566582455482328	0.5643363070906433	0.573648637342181	0.5726281631305948	0.5781277515080835	0.5870140363777078	0.5904729498536733	0.5890573255180098	0.5868260910583935	0.5920870266289716	0.5923006580250388	0.5959119351389816	0.5954011740215575	0.5958101128949062	0.5993831526105393	0.6010591168454292	0.6000916011444796	0.6055313731403608	0.6040639820534084	0.6020239275637933	0.5966452229439912	0.598170772597163	0.5973361825610516	0.5938034800312457
real	0	0	0	0.07715740720284056	0.061165236413078194	0.04975260533840608	0.04185838796698677	0.03707226958269104	0.03332998343219342	0.030592147702176244	0.027949845669450142	0.02614356558505974	0.023577516107299624	0.02209994439666674	0.02099123337392523	0.019939923794226645	0.01889631458945828	0.018187078308203677	0.017004622882350613	0.01636344722791805	0.015672180703987817	0.015193272164079149	0.014516678960617773	0.013799995971768658	0.013409782529462838	0.013109638580698867	0.012780635723223306	0.012096266123830251	0.011693493818440318	0.011401289994278951	0.011061105970552253	0.010683251581462338	0.010386437613162908
ahead	0	0	0	0	0	0	0	0	0	0	0	0	0	0	0	0	0	0	0	0	0	0	0	0	0	0	0	0	0	0	0	0	0
paint	0.985056822321508	0.920619835714305	0.8783471047618535	0.9290527370129849	0.9263167555136543	0.9433289738590254	0.8967249327800815	0.8950145145731532	0.8921573235749056	0.8901326988687258	0.8856074829892899	0.8956064849255542	0.9076604876986342	0.9194984234260701	0.9194984234260701	0.9297211196794432	0.9445434905240161	0.9312379997740943	0.930206496219815	0.9302186306339049	0.9179757133748621	0.9270482581544989	0.9180410915095903	0.9134604421450697	0.9129705988532003	0.9059289852753603	0.9091381823942658	0.9087199794333194	0.9092679002725393	0.9197628344990675	0.9197628344990675	0	0
idea	0	0	0	0	0	0	0	0	0	0	0	0	0	0	0	0	0	0	0	0	0	0	0	0	0	0	0.010497416328227295	0.01010665686092657	0.009662553014064986	0.009344785603722686	0.009068966937741813	0.008800263316398908	0.008520859300988568
understand	0	0	0	0	0	0	0	0	0	0	0.03872250179460694	0.035281362602143373	0.03308172636632985	0.04758341854346003	0.04571158925536956	0.04454897612922215	0.04223517578298057	0.041013631244498486	0.050278629931972636	0.04745951069762289	0.04621103607555243	0.04391385737018868	0.04190994872567312	0.04095033384199333	0.03998097884581956	0.03890161371890573	0.04576885929362864	0.05220296185013292	0.050861481107652436	0.049888033933343484	0.05559320784755078	0.05470474746646548	0.05342782753073665
bill	0	0	0	0	0	0	0	0	0	0.06515932365885338	0.06243623764645334	0.061165236413078194	0.056596537612741644	0.11897565774521267	0.11309798613327456	0.1596680912958405	0.2047350710744817	0.1953001594734786	0.18677797776478489	0.17986309284251598	0.17661332778328828	0.17425991310347752	0.17048786145155942	0.16619269207410817	0.15954081197563888	0.15345033823529486	0.1467845741002961	0.13388413128058932	0.13134755267865894	0.12619829449373007	0.11842360565921833	0.12296491604091095	0.12781270247681417
job	0	0.07419397342546548	0.13079816447717588	0.18263348644307986	0.20523856399687884	0.19715634196095344	0.23032418083972664	0.22564994823720083	0.20996052570242155	0.1953001594734786	0.20183551889579102	0.18952588293294267	0.19412880081307257	0.19502611827156796	0.1919171885163776	0.19236501201362324	0.1971384794538482	0.20186296596347733	0.20173985361313676	0.1953001594734786	0.19342518205193424	0.1922085316639992	0.19442017855337673	0.1991985736530494	0.2078507074573371	0.20769409002866307	0.21067215821639348	0.2219790079199696	0.22874238013812342	0.2310220590757652	0.2402039528967869	0.24627913648399544	0.23901681429914978
fan	0	0.34295098019812786	0.2959032742893846	0.22294491816723944	0.1683099680160561	0.1441915148462777	0.11076919850004079	0.10241641685625666	0.09068111698162357	0.08271901040099797	0.06895160902965235	0.06445454473665377	0.061165236413078194	0.05766800167562647	0.054578082498473415	0.05226404585340139	0.05015288522458167	0.047850662929021535	0.04417268576607079	0.04241207266905125	0.04132010775329306	0.03979135656216536	0.06243623764645334	0.05850103086135055	0.05712681103082604	0.053860798917185745	0.05226404585340139	0.05204427260328146	0.05204427260328146	0	0.26108936338578836	0.20363696854060853	0.1876840927049947
consider	0	0.2468472051870251	0.14839050243285176	0.12360498799464747	0.17425991310347752	0.15765817343911248	0.1784930513189875	0.1513435334723838	0.1428494038931897	0.1297144305253523	0.1207809362853011	0.11153367788677752	0.1030595633076999	0.09068111698162357	0.08650014043703722	0.08352776996458187	0.08232101174491166	0.07785148083450505	0.07483088892812433	0.07326045584796959	0.07032534350421793	0.06815504796768246	0.08332396281602464	0.07983254630049165	0.07639253646559778	0.07190719526625944	0.06956248731966717	0.06718707874451178	0.06643398017150592	0.06292782842243745	0.061635216071059346	0.05950662522915425	0.05822046117973634
sound	0.5947668722929234	0.6088199351792326	0.4492623986791862	0.46730160072928784	0.3981410129635011	0.3957116898290448	0.3654204396087208	0.3311979113566408	0.3112457058174131	0.2942343300376015	0.29028833346584176	0.26394625830669427	0.2691357346794622	0.27447362472876263	0.2707811044437108	0.2602925796279866	0.2550068719927611	0.24470527621785235	0.24307719755561974	0.25127652537625794	0.2529823457846883	0.25177192973298784	0.26125709913082573	0.25630778143913946	0.2491610095278415	0.24959575819767507	0.2531323387504033	0.26776938711818155	0.27181814609568117	0.26881154451489175	0.26930321202854296	0.2695390229969495	0.2680732335402169
seven	0.5445684476282008	0.4002047709973934	0.4554859150035953	0.4605892125609516	0.44212374071775584	0.42784233194921956	0.395074112913548	0.3856142344020191	0.34899583939744067	0.42210199594763675	0.40827752373883985	0.3899899769356025	0.3676108362102675	0.36935551496233915	0.3568230276707499	0.3407524551238806	0.32227123526367685	0.30934669443308066	0.3275257584629597	0.33259189759729507	0.33424577175373466	0.32747501938930335	0.33326580947594536	0.3596055905303869	0.3689223675584904	0.36483415393609014	0.3753126267324786	0.3654964025107809	0.3625547592300896	0.3559496046472715	0.35742770336531254	0.3625547592300896	0.36140163286093585
large	0	0	0	0	0	0	0.06588110315411078	0.05607684449577553	0.05362622762244518	0.047488989520690576	0.04511386825708782	0.04417268576607079	0.04079658013847723	0.038155033780968635	0.03585725496626755	0.03383876172225353	0.03174687911167193	0.029524269731029038	0.028180225608259005	0.026242860067143544	0.02474537689644188	0.02431425404092373	0.02349860130016823	0.04488804827353421	0.04148424189823605	0.040891918425582874	0.03828341527186209	0.03701353044761822	0.04998749628707262	0.04802202514888923	0.046012514535489345	0.04344807507604897	0.0418193990657038
stick	0.707974905777612	0.549600091263481	0.5907893817760335	0.5308837013365941	0.5565046623774921	0.5208759909350051	0.5211680443132448	0.4878527713892914	0.45875049463085715	0.48419303532458363	0.5184579120661759	0.5276009368933708	0.5164418149706251	0.5180615808755985	0.5221483553485298	0.5335318519464753	0.5620285472619496	0.5789813250221906	0.586834433569643	0.6279248532902302	0.6424680863033987	0.640196754483957	0.6592023671938042	0.7143821398968621	0.6987776780789843	0.6938153009093521	0.6991882861702522	0.703103725962454	0.696483004234068	0.6901424394911472	0.684065182583107	0.6787785159333722	0.6704988378880233
central	0	0	0	0	0	0	0	0	0	0	0	0	0.6309297535714575	0.6309297535714575	0	0	0	0	0	0	0	0	0	0	0	0	0	0	0	0	0	0	0
watch	0.5364959133847247	0.4621053525401383	0.424970771444463	0.33541215435058724	0.28164086333492483	0.29500180568228507	0.26646209726957293	0.26472078140147437	0.26379559145748244	0.24910796444873406	0.24770909919280626	0.23944949265232812	0.23368515831543976	0.24431476430061608	0.24044191420643776	0.23471543804656228	0.24134905183247718	0.24360049304674644	0.24609661752039577	0.2352076157975287	0.23037532656288434	0.21808616182068527	0.21477056950535	0.2237329855184046	0.2217054990233564	0.22222048570575914	0.22154546390085286	0.2181007120117311	0.21542827801705838	0.21221981404155338	0.21102346324024174	0.22515851251937613	0.22556878721044307
money	0	0	0	0.059653361280828536	0.061373150488032664	0.06359654871840147	0.054944567578118324	0.04975260533840608	0.05182649513838863	0.058947917331680456	0.05309830000595995	0.049414978835913836	0.04534440412919012	0.053265713467701536	0.05015288522458167	0.05565928457858664	0.055905908422466816	0.059991731886746266	0.060713173454031114	0.05886066901568297	0.05691341078516338	0.058290329070688415	0.0616879216996619	0.06476963126112091	0.06266460284356609	0.061165236413078194	0.06581764877710182	0.06743970273804499	0.06507386490361204	0.06510451431127236	0.06801926610898108	0.06831367317904703	0.06622823381108592
best	0.6158004670725817	0.49293356070867445	0.48082205380819826	0.5012674471495793	0.484731600115433	0.47750885719633435	0.4794916317638362	0.4917150007886507	0.48806892593787454	0.481118637370094	0.4910779078477204	0.4735082803727937	0.48769193587579546	0.4922207616255612	0.49359647716454125	0.4831549973610122	0.49106730216735295	0.4972409769273969	0.501514857223841	0.5118595071429148	0.5102332583277516	0.5108365692925448	0.5133050825157798	0.515530023165434	0.5196040001338535	0.5283766607223996	0.5301502532455746	0.5320721670410751	0.5363190113101979	0.5365827748251902	0.5369653376692864	0.540837985403604	0.5366740740872836
worst	0	0.34295098019812786	0.26108936338578836	0.32969825740304703	0.3062916381460314	0.3625547592300896	0.35002604988373553	0.41702080323255053	0.3907866554552209	0.38308266258352514	0.4290808428709485	0.4456093370450385	0.4509428284937903	0.4674342048451548	0.4554859150035953	0.48028906005377786	0.4752150228959973	0.46514752042121654	0.45235281677814737	0.45253592902748213	0.4583072301150561	0.47384869748387803	0.4703693888477606	0.46034364696932517	0.44838717227238234	0.4554859150035953	0.4487050402605017	0.4554859150035953	0.45131796649978434	0.472941950941057	0.4689517380161159	0.4735669398106864	0.4839250622871303
figure	0.3175206571427802	0.2772917256537885	0.23826830048147613	0.2673126786142489	0.32655835852293524	0.28626313807456294	0.25920981621331546	0.23878509916983542	0.3055678979180492	0.3112457058174131	0.28959380655352013	0.27812095738564907	0.299920852325506	0.3007651950586071	0.3070234642860155	0.3279236910587022	0.34133766306910523	0.3369631638285603	0.3462352424547294	0.3438527575102146	0.35850009094104907	0.3625162810016693	0.36311176925766364	0.3658041974539026	0.3615695083653783	0.3762100939116583	0.38203345759454743	0.38409767074851314	0.38220212725450137	0.3831993114358935	0.3859326928629998	0.38104626135327047	0.37819540473839136
business	0.579380164285695	0.4878517150631748	0.6004953903967951	0.5834956376269083	0.5239843353553825	0.5091537525670932	0.49910726451277204	0.4843342266225852	0.49960699524890273	0.5101748112424688	0.49776613449066065	0.5011769616459214	0.47565265614341773	0.47723791209829103	0.4917150007886507	0.48552138478036516	0.4970719173768569	0.4922877702082178	0.4875183706809891	0.5126226153397105	0.5089658492417536	0.5118595071429148	0.5175340107947669	0.5189456063077744	0.5236841192675931	0.5203730106505746	0.5251215273775682	0.5157896718372812	0.5188792956179065	0.5232616087380307	0.51657063299909	0.5155571663745832	0.5174454699362573
