item	frequency	dispersion	REF	PRED	MOD
wik	139	0.18638132764168777	1	138	0
wa·	274	0.2614021648277438	6	200	0
ʔaḥʔaː	106	0.2797779872710296	55	47	1
qʷis	60	0.29005896884213883	14	46	0
qʷaː	131	0.2991734994242417	47	82	0
ʔuḥ	28	0.31232710631467503	0	28	0
ʔaḥ	105	0.31686873171453617	73	16	14
ƛaʔuː	20	0.33793927803012186	11	7	2
quːʔas	81	0.34060113982816986	78	2	0
čuː	72	0.34517026589104044	0	72	0
huḥtak	32	0.3558376165431508	0	32	0
hiɬ	56	0.3563360199446739	21	35	0
ʔu-ca	48	0.36410271734799593	0	48	0
ʔin	52	0.369140660916898	0	7	0
qiː	27	0.3800612709290691	1	26	0
ḥuːɬ	15	0.3852816957526496	3	12	0
y̓uːqʷaː	42	0.40362351012602027	0	42	0
yaqʷ-(č)iɬ	21	0.40727206493403	17	4	0
ʔaƛa	11	0.4080694586312563	1	6	3
n̓aːcsa	32	0.4097836480994502	0	32	0
haʔuk	28	0.410317270585021	0	28	0
ʔuːš-yuːya	26	0.4119880836352268	0	26	0
ʔaːḥʔasa	10	0.4128854888835764	0	10	0
huːʔak	29	0.42052395987041136	0	28	1
ʔana	13	0.4219367770646757	0	11	2
waː	134	0.4260278811536389	0	104	0
ʔaya	35	0.4277893514565759	2	24	6
ʔuyi	28	0.42968136334141593	0	28	0
ʔu-kʷiɬ	16	0.4314337795840306	0	16	0
c̓awaːk	14	0.4366995662716437	3	8	2
wik̓iːt	25	0.4380157781496533	0	25	0
huʔa-ca	26	0.44565916990014526	0	26	0
his-taq	20	0.4473105426727229	1	19	0
ʔu-na·k	28	0.44753423721867425	1	27	0
sut-(č)iɬ	13	0.4686184004854815	0	13	0
kʷis	13	0.474594972323875	0	13	0
mamaɬn̓i	16	0.47625806837198176	15	1	0
qum̓aː	8	0.4807554386803729	5	3	0
ʔac	7	0.4821898159215873	0	7	0
ḥuː	25	0.4890126703322973	4	21	0
qaḥ	32	0.4890852856801339	2	30	0
ʔiːqḥ	19	0.4942687821633931	0	19	0
haː	9	0.49730390203734687	1	1	0
ḥaː	23	0.504100447983037	7	16	0
ḥaːɬ	21	0.5063465500950559	5	14	2
n̓aːs	7	0.5111164236194119	7	0	0
nism̓a	11	0.5118227457457675	8	3	0
hiʔiːs	10	0.5137939278030121	1	9	0
hayim	8	0.5191549127420512	0	8	0
ciq	15	0.5212208144075224	1	14	0
qʷiyu	13	0.5216259953290792	12	1	0
yaqʷ	16	0.5231143915849867	15	1	0
n̓aːcsiː	14	0.529336429766743	0	14	0
wawaː	23	0.5317122098764149	3	20	0
ʔu-ʼi·c	12	0.5322535660211969	0	12	0
naʔaː	21	0.5323759434445544	0	21	0
ʔu-kɬa·	21	0.5420295299568548	0	21	0
ʔuːš	19	0.547818865835399	9	7	3
ḥaw̓iɬ	35	0.5485161025921246	29	6	0
sukʷi(ƛ)	22	0.5528328950513985	0	22	0
ɬuːcma	25	0.5586134353334927	18	5	0
ʔu-n̓a·ḥ	19	0.5605269449022988	0	19	0
ʔiːḥ	13	0.5608415013148458	1	9	3
k̓ʷač	6	0.5608415013148459	0	6	0
qʷiq	12	0.5609411108454857	11	1	0
hist-ʼiƛ	4	0.5617977528089887	0	4	0
wiːy̓a	20	0.5626464260100406	0	20	0
hapt	13	0.56454697585465	1	12	0
maḥt̓iː	12	0.5656028368794326	9	3	0
qiː-sasa	5	0.5663399474061678	0	5	0
čamiḥta	6	0.5663399474061678	2	3	1
hupaɬ	21	0.5683264460457862	21	0	0
t̓uḥc̓iti	13	0.5726015557476232	11	2	0
hin-in	9	0.5770977767152762	0	9	0
č̓apac	37	0.5771914635170673	36	1	0
hiš	8	0.5796079368874014	3	3	2
naʔa·	17	0.582898567029011	0	17	0
nay̓iːk	18	0.5833665365102133	0	18	0
ƛaḥ	13	0.5848029570238511	1	12	0
haʔum	8	0.5856143915849868	7	1	0
ʔu-y̓i·ḥa	7	0.5888118575185276	0	7	0
his	12	0.5891306080165751	2	9	0
muːɬ	7	0.5981353095864214	2	5	0
ʔunic	9	0.6013626583791538	4	5	0
čaːni	11	0.6102623171712344	0	11	0
ʔu-ktis	7	0.6124790819985656	0	7	0
ɬuːcsaːmiːḥ	5	0.6134353334927086	5	0	0
ʔaƛakʷaɬ	8	0.6143915849868516	2	3	1
ƛiḥ	14	0.6151600013660736	0	14	0
n̓up-či·ɬ	11	0.6194662378023601	2	4	0
ʔunw̓iːƛ	13	0.6198808363522685	0	13	0
hiɬ-ʼa·ʔa	6	0.627779105904853	2	4	0
ƛuɬ	7	0.6307673918240498	2	5	0
kaƛḥ	10	0.6312933301458283	4	6	0
ƛawa-ʔiː	7	0.6316041118814248	0	7	0
yaːɬ	7	0.6318431747549605	0	7	0
naq	11	0.6352443874557192	0	11	0
dup-ʔu-ʼiːḥ	10	0.6362419316280182	0	10	0
??	12	0.637062714160491	1	2	0
c̓aʔak	15	0.6401227189417485	13	2	0
ʔana-ʼi·c	4	0.6404494382022473	0	4	0
ʔat	9	0.6411666268228544	0	9	0
su	5	0.6412861582596223	0	5	0
ḥaːʔak	3	0.6445135070523548	1	2	0
n̓uw̓iːqsu	3	0.6445135070523548	2	1	0
ʔuna-ḥ	4	0.6459478842935693	3	1	0
ʕac̓ik	4	0.6459478842935693	0	4	0
ḥamip	7	0.6496533588333732	0	7	0
qʷayac̓iːk	63	0.6524063765278205	63	0	0
t̓aːtn̓a	9	0.652694769835578	8	1	0
hiːɬ	6	0.6546736791776238	0	6	0
ḥaːḥuːp	16	0.6567206550322736	5	11	0
ʕimti·	6	0.6576619650968205	6	0	0
t̓an̓a	9	0.6590299359842751	9	0	0
ʔu-ca-ḥta	11	0.6590311433725252	0	11	0
waɬ	19	0.6598135309586421	0	19	0
hiɬ-ʼatḥ	23	0.6601149580600567	20	3	0
ʔaqi-ʔišt	13	0.6603376303352398	13	0	0
ma-maɬ-n̓i·	6	0.6643557255558212	6	0	0
ʔuyaː-siɬa	8	0.6650729141764284	0	8	0
waʔič	13	0.6662682285441074	0	11	0
kʷis-siɬa	6	0.6706908917045182	0	6	0
qaɬaːtik	5	0.6706908917045185	4	0	0
ʔu-(k)tis	3	0.673798709060483	0	3	0
t̓aps-ʼatu	4	0.673798709060483	0	4	0
t̓aps	12	0.673798709060483	0	12	0
ʔu-iːy̓ip	4	0.673798709060483	0	4	0
ʕimtiː	5	0.6752330863016974	4	0	0
nuːčyuː	8	0.6752330863016974	6	2	0
huʔa-aːs	7	0.6766674635429119	0	7	0
ʔana-iya	18	0.6770791829362234	0	18	0
ʔatḥ	4	0.6775041836002871	0	4	0
ʔunaḥ	5	0.679297155151805	3	2	0
ḥaːw̓iɬaƛ	19	0.6860727002780678	17	2	0
ḥaːw̓iːḥaƛ	8	0.6865885727946451	8	0	0
ʔaḥku·	6	0.6881424814726274	3	3	0
nuč-a·n̓uɬ	6	0.688501075782931	4	0	0
ʕaḥmis	4	0.69304327038011	4	0	0
ʔaːʔiːktaq	3	0.69304327038011	0	3	0
ʔac-yu·	14	0.6933847887708755	0	14	0
wik-yu·	3	0.693999521874253	0	3	0
qacc̓a	5	0.693999521874253	0	3	1
čačim	14	0.694887469690243	1	13	0
wik-sa	8	0.6965395649055702	0	8	0
ƛuːɬ	4	0.698541716471432	0	4	0
hin-aɬa	6	0.698541716471432	0	6	0
hicnup	5	0.6987807793449679	3	2	0
č̓aːstimc	12	0.7011315642680692	9	1	0
ʔan	48	0.7012560761813689	0	9	0
hin-iːʔas	7	0.7029643796318432	0	7	0
maːtmaːs	5	0.7029643796318433	5	0	0
ʔu-ḥʷʼaɬ	18	0.7042128190825299	0	18	0
niːw̓a	8	0.7047573511833612	8	0	0
maːmaːti	6	0.7084628257231652	5	1	0
ʔuqɬaːp	3	0.7100167344011475	1	2	0
ƛatw̓a	4	0.7100167344011477	0	4	0
yaːc	16	0.7103753287114513	0	16	0
tiːč	5	0.7194597179058092	0	5	0
muː-či·ɬ	9	0.7208940951470239	3	5	0
čakup	18	0.7209472202300314	18	0	0
ḥaːkʷaːƛ	6	0.7210136265837915	6	0	0
tuːḥuk	4	0.7213722208940953	0	4	0
ḥaʔu	6	0.7224480038250062	0	6	0
ƛawaː	4	0.7232847238823811	0	4	0
ʔaƛ-či·ɬ	4	0.7249581639971313	2	1	0
ʔu-qs	9	0.7251308205169071	0	9	0
ɬuč-na·k	5	0.7268706669854172	0	5	0
c̓iːq	10	0.7284245756633996	1	9	0
quː-ʼa·	4	0.7292612957207746	1	3	0
ƛaʔuːkʷiʔatḥ	10	0.7295003585943103	8	0	0
ƛ̓up	7	0.731651924456132	0	7	0
wič-siɬa	7	0.731651924456132	0	7	0
muː-p̓it-ʕaƛ	6	0.7318909873296676	0	6	0
ʔaːʔaːʔiša	5	0.7333253645708822	0	5	0
piḥ	9	0.7340956782744973	0	9	0
ʔu-(w)a(ƛ)	7	0.7354769304327039	0	7	0
qʷi-ʼi·c	5	0.7387042792254364	5	0	0
ʔu-(y)i·	5	0.7387042792254364	0	5	0
ḥaw̓iːḥ	5	0.738823810662204	5	0	0
muwač	11	0.7389433420989721	9	2	0
y̓ak	4	0.741812096581401	1	3	0
ʔu-sa·ḥi	5	0.7428878795123117	0	5	0
ʔuːš-ckʷi·	4	0.7430074109490796	0	4	0
his-i·k	9	0.7432464738226154	4	5	0
ʔuːsuqta	3	0.7442027253167582	0	3	0
naʔi·qsu	5	0.7442027253167585	5	0	0
ʔutwiː	4	0.7443222567535263	0	4	0
yaq	28	0.7450394453741334	28	0	0
sa-štu·p	6	0.7458761654315085	6	0	0
hawiɬ-čaq	14	0.7482497182473276	0	14	0
ɬač	5	0.7495816399713124	0	5	0
ʔum̓aːck	3	0.7497011714080803	0	3	0
tup̓aɬ	4	0.7497011714080803	4	0	0
qʷis-ckʷi·	4	0.7497011714080805	1	3	0
mamuːk	11	0.7533414469823746	0	11	0
kamatq-ʼa·qƛ̓i(ƛ)	3	0.7534066459478842	0	3	0
wik-maɬ	4	0.7534066459478842	0	4	0
wik-ckʷi·	2	0.7534066459478844	0	2	0
ʔuːš-p̓aɬ	2	0.7534066459478844	0	2	0
yaqʷ-ḥʷʼaɬ	2	0.7534066459478844	2	0	0
k̓uː-ʔiː	2	0.7534066459478844	0	2	0
čims	4	0.7542433660052594	4	0	0
wik-stup	4	0.7546019603155629	0	4	0
muː	7	0.7547214917523308	2	3	1
ʔunack	3	0.7548410231890987	0	3	0
saya	3	0.7548410231890987	0	3	0
ʔink	6	0.7548410231890987	6	0	0
qʷi-ʕaƛ	3	0.7548410231890987	0	3	0
tiːčma	3	0.7548410231890987	3	0	0
kuḥ	5	0.7548410231890987	3	2	0
ʕaʔuk	4	0.7548410231890987	3	1	0
huʔa-a·n̓uːƛ	3	0.7548410231890987	0	3	0
wik-maḥsa	3	0.7548410231890987	0	3	0
ʔu-cḥa	2	0.7548410231890988	0	2	0
ʔu-ʔiː-ʼas	2	0.7548410231890988	0	2	0
maːsuːɬ	9	0.7548410231890988	0	9	0
ʕuy̓i	4	0.7548410231890988	4	0	0
p̓us	2	0.7548410231890988	0	2	0
čaʔak	2	0.7548410231890988	1	1	0
maʔas	5	0.7585464977289027	5	0	0
č̓aʔak	4	0.7586660291656706	4	0	0
dup-ʔu-(kʷ)ink	2	0.7589050920392064	0	2	0
ḥayu	2	0.7589050920392064	0	1	0
huːxsʔatu	2	0.7589050920392064	0	2	0
qaːy̓uːk̓ʷatḥ	5	0.7597418120965815	5	0	0
ʕiḥ	7	0.7599808749701172	1	6	0
suč̓as	11	0.7601004064068853	10	0	1
sus	4	0.7605785321539565	0	4	0
ʔu-aqsti·	3	0.7622519722687068	0	3	0
yaqʷ-wi·	3	0.7622519722687068	3	0	0
m̓uksy̓i	11	0.7632082237628497	11	0	0
kʷis-ca	9	0.767511355486493	0	9	0
waɬaːk	8	0.767511355486493	0	8	0
nuːk	9	0.7675644805695009	8	1	0
qʷaːƛaː	11	0.7677504183600288	0	11	0
ʔuːš-cuk	3	0.7688262012909395	0	3	0
ʔuḥʔiːš	4	0.7690652641644752	0	0	0
kʷis-ut-a·qtu·	3	0.7726512072675112	1	2	0
saya·	4	0.7726512072675112	0	4	0
mituːni	3	0.7726512072675112	3	0	0
wiːq-ḥap	4	0.7726512072675114	0	4	0
ƛ̓ay̓ix	6	0.7726512072675114	0	6	0
ʔunaː	3	0.7726512072675114	1	2	0
naʔaː-ckʷi·	2	0.7726512072675115	0	2	0
niːyaː	2	0.7726512072675115	2	0	0
ʔiːḥ-camis	2	0.7726512072675115	0	2	0
hašiː	2	0.7726512072675115	0	2	0
ʔačaq-ʔišt	2	0.7726512072675115	1	1	0
ɬiʔaː	2	0.7726512072675115	0	2	0
yac-a·qtu·	2	0.7726512072675115	0	2	0
ʔaya-ʼatḥ	2	0.7726512072675115	0	2	0
ƛimk	5	0.7731293330145829	0	5	0
wim̓aːqƛ	13	0.7732488644513508	0	13	0
hiːtkin	6	0.7734879273248864	1	4	1
čaːkupiːḥ	3	0.7749223045661009	3	0	0
ʔu-ḥta·	7	0.7756394931867081	0	7	0
k̓aḥ	2	0.7767152761176189	0	2	0
ka	4	0.7767152761176189	0	4	0
ʔuḥʔiš	2	0.7767152761176189	0	0	0
c̓aːḥ	3	0.7767152761176189	1	2	0
ʔuːna	3	0.777671527611762	0	3	0
hita-ʼa·qƛ̓i(ƛ)	3	0.7781496533588332	0	3	0
ʔuxʷ-ʼas	3	0.7781496533588332	1	2	0
hiːkʷaɬ	3	0.7781496533588333	0	3	0
kʷis-caqc̓uː	2	0.7781496533588335	2	0	0
čačam	2	0.7781496533588335	0	2	0
hiɬ-ʼaḥs	2	0.7781496533588335	1	1	0
ʔana-siɬa	7	0.7799426249103515	0	7	0
ʕaːḥuːsʔatḥ	11	0.7817355964618694	11	0	0
ḥayu-či·ɬ	3	0.7836480994501553	0	3	0
qʷaq	3	0.7836480994501553	2	1	0
ʕuyaːs	3	0.7836480994501553	0	3	0
himwic̓a	2	0.7836480994501555	0	2	0
ʔukʷ-in	2	0.7836480994501555	0	2	0
qiː-(y)u·k̓ʷaɬ	2	0.7836480994501555	0	2	0
hiɬ-ačišt	3	0.7844848195075305	1	2	0
sukʷiƛ	8	0.7846043509442985	0	8	0
ʔumʔi·qsu	17	0.786263728537076	16	1	0
ciq-y̓akʷ	7	0.7874731054267272	6	1	0
ʔu-(w)aƛ	3	0.7881902940473345	0	3	0
quʔac-tu·p	3	0.7881902940473345	2	0	0
dup-ʔuːq	2	0.7881902940473345	0	0	2
qʷi-ʔiː	4	0.7881902940473345	4	0	0
wik-ʼi(ƛ)	3	0.7881902940473345	0	3	0
dup-ʔu·q	2	0.7881902940473345	1	0	1
ʔu-cpa·	6	0.7881902940473345	2	4	0
kʷiːsqšiƛ	2	0.7881902940473345	0	2	0
saya-ʔiː	9	0.7881902940473345	0	9	0
hita-inq-ʽsa(ƛ)	4	0.7881902940473345	0	4	0
ʕiːčnuː	2	0.7881902940473345	2	0	0
wik-cuk	6	0.788548888357638	0	6	0
kamatq	23	0.7918074192643101	0	23	0
ʔinkʷ	20	0.7926249103514224	16	4	0
nas	6	0.7928520200812815	0	6	0
mač	17	0.7942723348005231	0	17	0
ƛiːs	3	0.7965574946210854	0	3	0
kamatqʷ	5	0.8007410949079609	0	5	0
hap-tu·p	4	0.801458283528568	4	0	0
waːxniː	3	0.801458283528568	3	0	0
ʔiːč̓im	5	0.801458283528568	2	3	0
tuč̓iː	2	0.801458283528568	1	1	0
ʔaya-aːƛ	2	0.801458283528568	0	1	1
waɬ-yu·	3	0.801458283528568	0	3	0
qaːn̓im	4	0.801458283528568	1	1	0
n̓uw̓i·qsu	11	0.8024145350227111	7	4	0
ʕupnit	3	0.8028926607697824	3	0	0
kʷis-q	4	0.8028926607697824	0	4	0
m̓aːm̓i·qsu	2	0.8028926607697825	1	0	0
čamiḥta-ckʷi·	2	0.8028926607697825	0	2	0
t̓ašiːs	3	0.8028926607697826	3	0	0
t̓iqʷ-ʽiɬ	5	0.8050442266316042	0	5	0
ɬim̓aqsti	4	0.8060004781257469	4	0	0
k̓ʷak̓ʷaƛ	6	0.8060004781257469	6	0	0
ʔiːcʔiːqḥ	4	0.8060004781257469	0	4	0
hač̓a	3	0.8060004781257469	0	3	0
waːsi	3	0.8060004781257469	0	3	0
ƛ̓aːʔaː	2	0.8060004781257472	2	0	0
hita-ʽsa(ƛ)	6	0.8060004781257472	0	6	0
yaqʷ-ʔič	2	0.8060004781257472	2	0	0
qʷiš	2	0.8060004781257472	2	0	0
č̓apac-iːɬ-w̓it̓as	2	0.80695672961989	0	2	0
ʔu-cuk	2	0.80695672961989	0	2	0
ʔaʔim	4	0.80695672961989	1	3	0
ʔu-ḥtin	3	0.8069567296198901	0	3	0
čimt̓a	3	0.8074348553669615	0	3	0
ʔu-ʔi·ya-ʔis	2	0.8074348553669616	0	2	0
ʔaʔum	5	0.8076739182404971	0	5	0
kuːčiɬ	4	0.8091082954817116	0	4	0
ʔiːḥʷ	7	0.8110207984699978	0	5	2
suːḥaː	6	0.8113793927803014	5	0	0
yac-panač	6	0.8119770499641406	0	6	0
wiːqsiː	4	0.8128137700215157	0	4	0
hiniːp	6	0.8205833134114273	0	6	0
ʔuʔumḥi	8	0.822615347836481	0	8	0
nay̓aqak	4	0.8235715993306241	3	1	0
nunuːk	13	0.8237462991228233	4	9	0
ʔiq	6	0.8240497250776955	0	6	0
č̓an̓iː	3	0.8244083193879991	0	3	0
hiš-sa·cu	2	0.8244083193879992	0	2	0
mat	7	0.826320822376285	0	7	0
ƛ̓aːq	7	0.8296677026057852	7	0	0
hin-as	6	0.8296677026057855	0	6	0
kuːkuḥʷʼisa	15	0.8306558291497331	14	1	0
huʔa-in	4	0.8311020798469998	0	4	0
qʷa-ya·tuk	2	0.833851302892661	0	2	0
čičiči	3	0.833851302892661	3	0	0
ʔuːš-ḥtin	2	0.833851302892661	0	2	0
qacc̓a-či·ɬ	2	0.833851302892661	1	0	0
ʔu-cḥinƛ	2	0.8339708343294286	0	2	0
ma	2	0.8339708343294286	0	2	0
wic̓ik	3	0.8339708343294286	0	3	0
hiš-iɬ	2	0.8339708343294286	1	1	0
qiː-ḥsn̓a·k	3	0.8343294286397323	0	3	0
qay̓apt̓a	3	0.8352856801338752	3	0	0
huɬ	2	0.8352856801338753	0	2	0
ʔunic-ḥn̓a·k	4	0.8362419316280181	1	3	0
quʔiːči(ƛ)	2	0.8362419316280182	0	2	0
tuškuːḥ	4	0.8362419316280182	3	1	0
naʔu·-qs	2	0.8362419316280182	0	2	0
(č)iɬ	2	0.8362419316280182	0	2	0
c̓awa·-in	2	0.8362419316280182	0	2	0
—	6	0.8366005259383218	0	0	0
ƛ̓aq	5	0.8388716232369114	0	5	0
ʔam̓iː	4	0.8389911546736791	0	4	0
ʕiniːƛ	29	0.8391766344893535	27	2	0
ʔu-kʷiːɬ	4	0.8405450633516615	0	4	0
qʷi-ca	3	0.8405450633516615	3	0	0
n̓up-qʔičḥ	6	0.8415013148458046	2	2	0
haʔukʷ	4	0.8415013148458047	0	4	0
ʔu-iːc	4	0.8422185034664116	0	4	0
m̓uč̓ič	6	0.8423380349031796	0	6	0
ƛaqmis	5	0.8429356920870189	5	0	0
č̓uḥ	2	0.8436528807076262	0	2	0
hin-iːc	2	0.8436528807076262	0	2	0
k̓acḥaq	6	0.8441310064546976	6	0	0
nay̓aq-na·k	2	0.8443700693282333	0	2	0
ʔuːš-su·qstu(ƛ)	4	0.844609132201769	0	4	0
hinusa	4	0.8447286636385369	0	4	0
muk	2	0.8447286636385369	0	2	0
k̓uč	2	0.8460435094429836	0	2	0
haw̓iːqstu(ƛ)	3	0.8460435094429837	0	3	0
maƛaːk	3	0.8467606980635907	3	0	0
sit̓a	2	0.8467606980635908	2	0	0
hiniːc	9	0.8472388238106622	0	9	0
c̓iːḥati	2	0.8497489839827875	1	1	0
naqmiːḥa	3	0.8497489839827875	0	3	0
ʔaːni	5	0.8499880468563232	0	5	0
wiːna	3	0.8516614869710734	0	3	0
yaqʷ-ac	3	0.8516614869710734	3	0	0
yack	4	0.8516614869710735	0	4	0
č̓uš	4	0.8516614869710735	0	4	0
ƛa-ʼas	2	0.8517810184078413	1	1	0
maːʔak	12	0.8524982070284485	12	0	0
qʷi-k̓ʷič	2	0.8530958642122878	2	0	0
ʔiːnax-yu·	4	0.8530958642122878	0	4	0
kʷis-aḥi	2	0.853095864212288	2	0	0
dup-hin-ataḥ	2	0.853095864212288	0	2	0
hiɬ-l	2	0.853095864212288	2	0	0
wiːnap	6	0.8545302414535023	0	6	0
hamuːt	2	0.8545302414535023	2	0	0
tuxʷ-cpa·	5	0.8545302414535023	0	5	0
ʔu-taq	5	0.8558450872579488	0	5	0
hin-at	3	0.8566818073153238	0	3	0
ʔaːp	2	0.8571599330623955	0	2	0
wiːy̓aː	2	0.8571599330623955	0	2	0
numaːk	5	0.8571599330623955	0	5	0
ḥamat	3	0.8572794644991634	0	3	0
waḥ	2	0.8573989959359312	0	2	0
tiːčmis	2	0.8573989959359312	2	0	0
hat̓inq-ʼaqa	2	0.8573989959359312	0	2	0
ḥumiːs	7	0.8585943103036099	6	1	0
tuːḥ	3	0.8625388477169494	0	3	0
yaqʷ-iɬ	4	0.8625388477169496	4	0	0
ƛ̓i	8	0.8625388477169496	0	8	0
ḥan̓aḥ	4	0.8630169734640211	0	4	0
ḥakʷaƛ-na·k	2	0.8636146306478604	1	1	0
muː-p̓it	4	0.8636146306478605	1	3	0
hin-a·ḥin	2	0.863973224958164	0	2	0
ḥa-ʔiː	3	0.8640927563949319	0	3	0
wiʔak	3	0.8645708821420034	1	2	0
waɬ-yaq-ʽiɬ	3	0.865049007889075	1	2	0
xʷak	2	0.8652880707626106	0	2	0
hin-ʔaɬ	5	0.8673201051876646	0	5	0
hiɬ-a·s	2	0.8675591680612001	0	2	0
ḥaːkʷa·ƛ	24	0.867728504263288	23	1	0
n̓ač-p-ʼa·ʔa	1	0.867798230934736	0	1	0
kʷis-aqs	4	0.867798230934736	3	1	0
ʔiʔiːnis	2	0.867798230934736	2	0	0
ƛ̓up-ʽi·čḥ-iya	2	0.867798230934736	0	2	0
ḥacqaɬ	2	0.867798230934736	0	2	0
č̓aːstimc-m̓i·t	19	0.867798230934736	19	0	0
saya-ʔiː-p	1	0.867798230934736	0	1	0
qʷa	2	0.867798230934736	0	2	0
ʔuʔumḥi-matak	1	0.867798230934736	0	1	0
c̓aːnit	2	0.867798230934736	0	2	0
qʷaː-sasa	1	0.867798230934736	0	1	0
huʔa-??-in	1	0.867798230934736	0	1	0
c̓aː	3	0.867798230934736	3	0	0
hita-pʔiɬ	2	0.867798230934736	0	2	0
hita-ʼaqƛ-u·(ƛ)	1	0.867798230934736	0	1	0
ʔana-(č)iɬ	1	0.867798230934736	0	1	0
qum̓aː-či·ɬ	1	0.867798230934736	1	0	0
dup	1	0.867798230934736	0	1	0
dup-ciq	1	0.867798230934736	0	1	0
dup-ʔukʷa-(č)ink	1	0.867798230934736	0	1	0
saya-p̓inč	1	0.867798230934736	0	1	0
ʔuncukʷ-ʔis	1	0.867798230934736	1	0	0
miɬ-uːk	1	0.867798230934736	1	0	0
tuːpšiƛ	1	0.867798230934736	0	1	0
kuʔaɬ	1	0.867798230934736	0	1	0
tax̣	1	0.867798230934736	0	1	0
ʔu	1	0.867798230934736	0	1	0
m̓a-aqsuɬ	1	0.867798230934736	0	1	0
hisit	3	0.867798230934736	3	0	0
ʔaya,	1	0.867798230934736	0	1	0
kinaːḥ-ckʷi·	1	0.867798230934736	1	0	0
hita-inq-ʔis	1	0.867798230934736	1	0	0
m̓ukʷ-aqa	1	0.867798230934736	0	0	1
sačk-a	1	0.867798230934736	0	1	0
č̓i	1	0.867798230934736	0	1	0
maḥt̓iq-(č)iːɬ	1	0.867798230934736	0	1	0
čašk	1	0.867798230934736	0	1	0
sač̓ut-cqi·	1	0.867798230934736	0	1	0
č̓aːsta	2	0.867798230934736	2	0	0
ƛ̓uːyiː-ʽ(i)pi(ƛ)	2	0.867798230934736	0	2	0
qʷi-csapa-ḥi	1	0.867798230934736	1	0	0
hatk	2	0.867798230934736	0	2	0
ʔunukʷit	1	0.867798230934736	1	0	0
t̓aʔak	1	0.867798230934736	0	0	0
k̓ʷitx	1	0.867798230934736	0	1	0
ʔuʔinkʷit	1	0.867798230934736	0	1	0
c̓iš-p̓u·qs-mip̓it	1	0.867798230934736	0	1	0
c̓awa·-ʼa·qƛ̓as	1	0.867798230934736	0	1	0
quʔac	1	0.867798230934736	0	1	0
ʔu-l-yuʔaːɬ	1	0.867798230934736	0	1	0
sukʷi(ƛ)-ʼatuk	1	0.867798230934736	0	1	0
yuːɬ-ʼaƛ	1	0.867798230934736	0	1	0
ku	1	0.867798230934736	0	1	0
hiʔiːš	1	0.867798230934736	0	1	0
yac-ckʷi·	1	0.867798230934736	1	0	0
wiːʔak	1	0.867798230934736	0	1	0
č̓i·q-ʼaqa	1	0.867798230934736	0	1	0
m̓aː-aqsuːɬ	1	0.867798230934736	0	1	0
qʷayaːc̓ik-m̓i·t	8	0.867798230934736	8	0	0
ʔu-(kʷ)i·ɬ	1	0.867798230934736	0	1	0
muːstati	4	0.867798230934736	4	0	0
y̓imqƛ	2	0.867798230934736	0	2	0
ʔaʔiːḥʷ	2	0.867798230934736	0	2	0
čamniḥta	1	0.867798230934736	0	1	0
ʔašx-tu·p	1	0.867798230934736	1	0	0
t̓ač	1	0.867798230934736	0	1	0
qʷayaːc̓ik	2	0.867798230934736	2	0	0
qac-u·t	3	0.867798230934736	2	1	0
ʔanat̓uː-ʼas	1	0.867798230934736	0	1	0
kiš	2	0.867798230934736	0	2	0
qatqʷ	1	0.867798230934736	0	1	0
c̓us-ʼitap	1	0.867798230934736	0	1	0
waʔič-ʼas	1	0.867798230934736	0	1	0
hiɬ-c-ʼapuɬa	2	0.867798230934736	0	2	0
ʔuna-či·ɬ	1	0.867798230934736	0	1	0
ʔiq-siɬa	2	0.867798230934736	0	2	0
siy̓aːq	1	0.867798230934736	0	1	0
ḥayu-(č)ink	1	0.867798230934736	1	0	0
ḥaw̓iɬ-im-matak	1	0.867798230934736	1	0	0
n̓uːčyu	1	0.867798230934736	1	0	0
sačk̓aḥs	2	0.867798230934736	2	0	0
sačk	1	0.867798230934736	0	1	0
n̓ač-ʼatu	1	0.867798230934736	0	1	0
ʔuk-(k)tis	1	0.867798230934736	0	1	0
puːɬ	1	0.867798230934736	1	0	0
n̓ač	1	0.867798230934736	0	1	0
ƛ̓utx̣-iːk̓	1	0.867798230934736	0	1	0
wik-ʔaɬ-ʼaqstup-maḥsa	1	0.867798230934736	0	1	0
t̓iqʷ-ʼas	1	0.867798230934736	0	1	0
ʔatquː	1	0.867798230934736	0	0	0
qʷayaːc̓ik-m̓i·t-ckʷi·	1	0.867798230934736	1	0	0
tač-yu·	1	0.867798230934736	0	1	0
m̓ay̓uk	1	0.867798230934736	0	1	0
hita-ʔa·tqu-ʼiḥta	1	0.867798230934736	0	1	0
ša-ʼiḥta-im	1	0.867798230934736	1	0	0
m̓u	1	0.867798230934736	0	1	0
ƛ̓up-y̓i·ḥa	3	0.867798230934736	0	3	0
c̓a-ʼatu	1	0.867798230934736	0	1	0
ƛ̓up-mis	1	0.867798230934736	1	0	0
qi-ʔiː-ʼi·č	1	0.867798230934736	0	1	0
qi-ḥta	1	0.867798230934736	0	1	0
ʕita	1	0.867798230934736	0	1	0
ʔu-caqc̓u	1	0.867798230934736	0	1	0
qʷi-cpa·	1	0.867798230934736	1	0	0
yaːqƛ	1	0.867798230934736	0	1	0
ʕawatk	1	0.867798230934736	1	0	0
humaqƛ-ʼi·c	1	0.867798230934736	0	1	0
nu	1	0.867798230934736	0	1	0
nu-ʼi(ƛ)	1	0.867798230934736	0	1	0
n̓up-c̓iq-iːyas	1	0.867798230934736	0	1	0
huyuːɬ	4	0.867798230934736	0	4	0
c̓iḥati-iːyas	1	0.867798230934736	0	1	0
mustati-iːyas	1	0.867798230934736	0	1	0
n̓up	1	0.867798230934736	0	1	0
ḥaw̓iɬ-isim	1	0.867798230934736	1	0	0
ƛ̓is-imɬ	1	0.867798230934736	0	1	0
kʷaː	1	0.867798230934736	0	1	0
kuḥ-yu·	1	0.867798230934736	0	1	0
wik-st̓iːḥ-w̓it̓as	1	0.867798230934736	0	1	0
dup-ʔani-sapi	1	0.867798230934736	0	1	0
k̓ic	2	0.867798230934736	0	2	0
tak-aːt-ʔis	1	0.867798230934736	0	1	0
his-i·kʷ-asu·	1	0.867798230934736	0	1	0
putqʷaː-ʼakƛi	2	0.867798230934736	0	2	0
wax-ʼik	2	0.867798230934736	0	2	0
kapx	1	0.867798230934736	0	1	0
ʔaḥkuː	1	0.867798230934736	0	1	0
tušaːk-it	1	0.867798230934736	1	0	0
qaḥʔeːy	1	0.867798230934736	0	0	0
ʕuy̓i-c̓u·	1	0.867798230934736	1	0	0
p̓atqʷ-sac	1	0.867798230934736	1	0	0
c̓i	2	0.867798230934736	0	2	0
c̓a	1	0.867798230934736	0	1	0
ʔuḥ-matak	1	0.867798230934736	0	1	0
ʔaya-(c)sapi	1	0.867798230934736	0	1	0
saya-iːḥst-ʕaƛ	1	0.867798230934736	0	1	0
mis	1	0.867798230934736	0	1	0
mis-p̓u·qs-y̓i·ḥa	1	0.867798230934736	0	1	0
ʔayisaq-siɬa-w̓it̓as	1	0.867798230934736	0	1	0
ƛ-ʼi·ƛ	1	0.867798230934736	0	1	0
qac-a·s	1	0.867798230934736	1	0	0
c̓isimc	1	0.867798230934736	1	0	0
ʼiːḥʷ	2	0.867798230934736	1	1	0
wik-st̓iːḥ	2	0.867798230934736	0	2	0
ʔuncukʷ	1	0.867798230934736	1	0	0
tuč̓iː-cpa·	2	0.867798230934736	1	1	0
hita-aqƛiɬ	1	0.867798230934736	0	1	0
huʔa-ca·qs	1	0.867798230934736	0	1	0
qʷaː-qčik	1	0.867798230934736	0	1	0
ʕumaː	1	0.867798230934736	0	1	0
wiːnap-ʼi·ƛ	1	0.867798230934736	0	1	0
ʕuq	1	0.867798230934736	0	1	0
ḥus-p	1	0.867798230934736	0	1	0
hin-in-ckʷi·	1	0.867798230934736	0	1	0
c̓i-c̓uq	1	0.867798230934736	0	1	0
ʔana-ḥʷʼaɬ	1	0.867798230934736	0	1	0
č̓up	1	0.867798230934736	1	0	0
ƛawa-čaƛ	1	0.867798230934736	0	1	0
ča-ḥta·k	1	0.867798230934736	0	1	0
wiːnap-ʔi·(ƛ)	1	0.867798230934736	0	1	0
cus	2	0.867798230934736	0	2	0
kʷa-ʔi·(ƛ)	1	0.867798230934736	0	1	0
waxʷ	1	0.867798230934736	0	1	0
muš	1	0.867798230934736	0	1	0
wimac	1	0.867798230934736	0	1	0
sus-pʔiɬ	2	0.867798230934736	0	2	0
ʔaya-iːy̓ap	1	0.867798230934736	0	1	0
ʔu-cpinƛ	1	0.867798230934736	0	1	0
ʔu-ca-aːpi	1	0.867798230934736	0	1	0
wik-(w)aƛ	1	0.867798230934736	0	1	0
huʔa-a·n̓u	1	0.867798230934736	0	1	0
waʔič-ʼi(ƛ)	1	0.867798230934736	0	1	0
tak-a·n̓uː(ƛ)	1	0.867798230934736	0	1	0
ƛaʔu-(k)taq-api	1	0.867798230934736	0	0	1
hamip	1	0.867798230934736	0	1	0
suw̓aːq	2	0.867798230934736	0	2	0
ʔu-ʼi(ƛ)	1	0.867798230934736	0	1	0
ḥaaː	1	0.867798230934736	0	1	0
ɬipḥ	1	0.867798230934736	0	1	0
taː	1	0.867798230934736	0	1	0
taː-miːqƛa	1	0.867798230934736	0	1	0
p̓aʕim	3	0.867798230934736	3	0	0
hiɬ-api	1	0.867798230934736	0	1	0
m̓a-ʼatu	1	0.867798230934736	0	1	0
m̓a-waḥsuɬ	1	0.867798230934736	0	1	0
hiːʔaḥs	1	0.867798230934736	1	0	0
nuːtx-a·n̓uːp	1	0.867798230934736	0	1	0
c̓iwaːp	1	0.867798230934736	1	0	0
ʔana-iːḥtak	1	0.867798230934736	0	1	0
c̓iyup	1	0.867798230934736	1	0	0
tušaːk	1	0.867798230934736	1	0	0
c̓iːšcy̓ak	1	0.867798230934736	0	1	0
huʔaɬ	1	0.867798230934736	1	0	0
hita-inq-ʼu·(ƛ)	1	0.867798230934736	0	1	0
hask̓aːmac	3	0.867798230934736	3	0	0
hitawa-ʼiːk	1	0.867798230934736	1	0	0
dup-ʔu-kʷiɬ	2	0.867798230934736	0	2	0
dup-hitawa-ʼiːk	1	0.867798230934736	1	0	0
qaḥ-tak	1	0.867798230934736	0	1	0
tač-kʷa	1	0.867798230934736	0	1	0
ḥiyiːḥi	1	0.867798230934736	1	0	0
tuxʷ-i·č	1	0.867798230934736	0	1	0
pisat	1	0.867798230934736	0	1	0
dup-p̓iš-wa·	1	0.867798230934736	0	1	0
dup-ƛuɬ-wa·	1	0.867798230934736	0	1	0
c̓awa-umɬ	1	0.867798230934736	0	1	0
wik-iːp	3	0.867798230934736	0	3	0
dup-ʔu-p̓iqš	2	0.867798230934736	0	2	0
muːḥinƛ-as	7	0.867798230934736	7	0	0
ḥaːwi-m̓i·t	1	0.867798230934736	1	0	0
ʔani	1	0.867798230934736	0	1	0
suw̓aːs	2	0.867798230934736	0	2	0
ɬic-w̓isa	2	0.867798230934736	0	2	0
haːciq	1	0.867798230934736	0	1	0
su-uːɬ	1	0.867798230934736	0	1	0
čisk-at	1	0.867798230934736	0	1	0
m̓uč-(q)u·(ƛ)	1	0.867798230934736	0	1	0
ʔaya-(č)iɬ	1	0.867798230934736	0	1	0
ʔiːnax-y̓aƛ	1	0.867798230934736	0	1	0
hiš-ʽiqsa-ʼatḥ	1	0.867798230934736	0	1	0
naːḥtač	1	0.867798230934736	1	0	0
ƛut-ƛuɬ	1	0.867798230934736	1	0	0
naːḥtač-m̓i·t	1	0.867798230934736	1	0	0
ḥuksum-m̓i·t	1	0.867798230934736	1	0	0
muːčʔaːʔa	1	0.867798230934736	1	0	0
qʷiš-tu·p	1	0.867798230934736	1	0	0
hiš-siːk	1	0.867798230934736	0	1	0
qum̓aː-ʔis	1	0.867798230934736	1	0	0
ʔana-imɬ	1	0.867798230934736	0	1	0
ʔaani	1	0.867798230934736	0	1	0
ɬic	2	0.867798230934736	0	2	0
muːḥinƛ	1	0.867798230934736	1	0	0
ƛ̓iːxʷ-ma-(q)u·ɬ	1	0.867798230934736	0	1	0
yaːc-i	1	0.867798230934736	0	1	0
ƛuɬ-aq	1	0.867798230934736	1	0	0
ḥiːx	2	0.867798230934736	2	0	0
hiš-yuːya	1	0.867798230934736	0	1	0
ḥaːy̓i	1	0.867798230934736	0	1	0
ʔax̣ʷ-yu·	1	0.867798230934736	0	1	0
nuːsčiː	2	0.867798230934736	2	0	0
t̓uc̓up	1	0.867798230934736	1	0	0
ḥačy̓im-štu·p	1	0.867798230934736	1	0	0
t̓aps-(y)a·	1	0.867798230934736	0	1	0
čim-c̓aq	1	0.867798230934736	0	1	0
hinic-ʼa·ʔa	1	0.867798230934736	0	1	0
čaq-ʔatu	1	0.867798230934736	0	1	0
c̓ic̓iša	2	0.867798230934736	0	2	0
nasqʷ	1	0.867798230934736	0	1	0
putq-w̓isa·	1	0.867798230934736	0	1	0
waxʷ-ckʷi·	1	0.867798230934736	0	1	0
c̓iš	1	0.867798230934736	0	1	0
ʕaqƛ-ʼakƛi	1	0.867798230934736	0	1	0
qač-l	2	0.867798230934736	0	2	0
qačaː	1	0.867798230934736	0	0	0
qʷaː-ʔuk	1	0.867798230934736	0	1	0
qač	1	0.867798230934736	0	1	0
a·s	2	0.8680372938082715	0	2	0
k̓ama	3	0.8692326081759503	0	3	0
t̓apat	8	0.8692326081759504	0	8	0
wik-ʼaḥs	3	0.8693521396127182	0	3	0
ʔačaq	2	0.8724599569686827	1	1	0
nani·qsu	10	0.8728185512789864	7	3	0
ɬaːkʷ	2	0.8730576141525221	0	2	0
m̓uč̓ič-tu·p	3	0.8740138656466651	2	1	0
hiɬ-sasa	2	0.8740138656466652	0	2	0
muː-qʔičḥ	6	0.8748505857040404	2	3	0
t̓ašiː	2	0.8754482428878796	2	0	0
n̓aš	7	0.8762849629452546	0	7	0
ƛaḥ-aqsak	4	0.8764044943820225	4	0	0
wiḥi-ʼu·ƛ	2	0.8765240258187903	0	2	0
ƛ̓aqapt	4	0.8765240258187904	4	0	0
m̓a	3	0.8766435572555582	0	3	0
hat̓iːs	3	0.8766435572555584	0	3	0
čukʷaː	6	0.8768826201290939	0	6	0
ʔu·q	4	0.8770021515658619	0	4	0
niːḥ-iɬ	2	0.8770021515658619	0	2	0
sukʷink	3	0.8770021515658619	0	3	0
pawaɬ	3	0.8777193401864691	0	3	0
čapxʷ-na·k	2	0.8778388716232369	0	2	0
ʔi·ḥʷ	6	0.8780779344967727	0	5	1
ʔana-ckʷi·	3	0.8780779344967727	0	2	1
ʔu-qḥɬi	7	0.8786755916806122	0	7	0
his-iːʔas	2	0.8795123117379873	0	2	0
čaʔaːɬ-či·	6	0.8801099689218264	0	6	0
qʷaː-ƛa·	3	0.8819029404733445	0	3	0
ḥakum	4	0.8820224719101124	1	2	0
ʔu-ʔiːp	2	0.8820224719101124	0	2	0
ʔu-siːk	3	0.8833373177145589	0	3	0
naʔuːk	2	0.8833373177145589	0	2	0
ʔuyi-ckʷi·	2	0.8833373177145589	0	2	0
ƛaƛuː	3	0.8834568491513267	3	0	0
qiː-t̓an̓a	1	0.8856084150131484	0	1	0
qʷiyu-ckʷi·	1	0.8856084150131484	1	0	0
siːk-c̓inƛ	1	0.8856084150131484	0	1	0
siːk	7	0.8856084150131484	0	7	0
hita-c̓inƛ	2	0.8856084150131484	0	2	0
yuːpi-ckʷi·-matak	1	0.8856084150131484	0	1	0
yuːpi	1	0.8856084150131484	1	0	0
yu-ksa·ʔa	1	0.8856084150131484	0	1	0
ʔu-ʔi·ya-ačišt-ckʷi·	1	0.8856084150131484	0	1	0
t̓ayuː	2	0.8856084150131484	0	2	0
kuːnaː	3	0.8856084150131484	3	0	0
ʔaƛa-ista	1	0.8856084150131484	1	0	0
qacc̓a-ista	1	0.8856084150131484	0	1	0
hin-a·či(ƛ)	6	0.8856084150131484	0	6	0
ʔutwiː-ckʷi·-ʔaːɬ	1	0.8856084150131484	0	1	0
wiʔak-sa	1	0.8856084150131484	1	0	0
hisiː-ckʷi·	1	0.8856084150131484	1	0	0
hiːstiƛ	2	0.8856084150131484	0	2	0
č̓iːnuːk-ʼatḥ	1	0.8856084150131484	0	1	0
čiːnu·k	1	0.8856084150131484	0	1	0
hist-ʼatḥ-ckʷi·	1	0.8856084150131484	0	1	0
captain	1	0.8856084150131484	0	1	0
šip	2	0.8856084150131484	2	0	0
hita-ʼa·qƛ̓as	1	0.8856084150131484	0	1	0
mak-ʼatu	2	0.8856084150131484	0	2	0
hiyiq-stup	3	0.8856084150131484	2	0	1
ƛ̓itḥaq	2	0.8856084150131484	1	0	0
čims-aʔaq	1	0.8856084150131484	1	0	0
qʷi-na·k	2	0.8856084150131484	2	0	0
ʔap	2	0.8856084150131484	0	2	0
ʔu-ʼi·č	1	0.8856084150131484	0	1	0
ʔaya-ims-ckʷi·	1	0.8856084150131484	0	1	0
piskit	1	0.8856084150131484	1	0	0
x̣ax̣aš-k̓uk	3	0.8856084150131484	0	0	0
hin-ačiːɬ	1	0.8856084150131484	0	1	0
ḥaʔu-ayi·	1	0.8856084150131484	0	1	0
naniːqsu	4	0.8856084150131484	3	1	0
ʔanu-wa·	1	0.8856084150131484	0	1	0
kaʔup	4	0.8856084150131484	0	4	0
hicnup-ista	1	0.8856084150131484	1	0	0
hin-a·s	1	0.8856084150131484	0	1	0
hin-(y)i·	1	0.8856084150131484	0	1	0
qʷi-(y)i·	2	0.8856084150131484	1	1	0
ʔani-wa·	1	0.8856084150131484	0	1	0
k̓acḥaq-stup	1	0.8856084150131484	1	0	0
ƛišƛiq-y̓ak	2	0.8856084150131484	2	0	0
qʷa·	1	0.8856084150131484	0	1	0
hita-qs	1	0.8856084150131484	0	1	0
hita-c̓in(ƛ)	3	0.8856084150131484	0	3	0
p̓iš	2	0.8856084150131484	0	2	0
ʔiːqḥ-y̓ak	2	0.8856084150131484	2	0	0
wič-siɬa-ckʷi·	3	0.8856084150131484	0	3	0
ʔunic-u·k̓ʷaːɬ	1	0.8856084150131484	1	0	0
wiːq-siɬa	2	0.8856084150131484	0	2	0
witwaːk	1	0.8856084150131484	1	0	0
ni-ʼatu	3	0.8856084150131484	0	3	0
ni-ʔatu	1	0.8856084150131484	0	1	0
p̓atqʷ-ʼaḥs	1	0.8856084150131484	0	1	0
caq	2	0.8856084150131484	0	2	0
ƛ̓aː	2	0.8856084150131484	0	2	0
ma-ʼuː	1	0.8856084150131484	1	0	0
qiɬcmaʕatḥ	3	0.8856084150131484	3	0	0
ƛ̓aːʔaː-ʼatḥ	1	0.8856084150131484	0	0	0
hiɬ-ʼa·qsta	1	0.8856084150131484	0	1	0
tačkʷa	2	0.8856084150131484	0	2	0
kuːnaː-qčis	1	0.8856084150131484	1	0	0
ʕaːḥuːs	2	0.8856084150131484	2	0	0
x̣unusčiʔatḥ	1	0.8856084150131484	1	0	0
his-aq	1	0.8856084150131484	0	1	0
hinata-ʼas	2	0.8856084150131484	0	2	0
hačɬiː(ƛ)	2	0.8856084150131484	0	2	0
hačɬ-ʼaːʔa	1	0.8856084150131484	1	0	0
k̓uː-čuk	1	0.8856084150131484	0	1	0
huʔa-ca-iːy̓uk	1	0.8856084150131484	0	1	0
ƛ̓iː-pi(ƛ)	3	0.8856084150131484	0	3	0
ʔu-k̓ʷič	1	0.8856084150131484	0	1	0
waː-??	1	0.8856084150131484	0	1	0
pawaɬ-ʼin	2	0.8856084150131484	0	2	0
kinčoːč-ʼatḥ-iːc-ckʷi·	1	0.8856084150131484	0	1	0
kinčoːč-ʼatḥ	2	0.8856084150131484	0	2	0
kʷis-uːq-ʼatḥ	2	0.8856084150131484	0	0	0
qʷa-ʽiɬ	1	0.8856084150131484	0	1	0
ƛ̓iːxʷ-snac-u·ɬ	1	0.8856084150131484	0	1	0
ʔuːšmaq-u·ɬ	1	0.8856084150131484	0	1	0
ʔuːš-ḥy̓ims	1	0.8856084150131484	1	0	0
ḥampi	1	0.8856084150131484	0	1	0
ƛih	2	0.8856084150131484	0	2	0
tuːpši(ƛ)	1	0.8856084150131484	0	1	0
tum-aqstu(ƛ)	1	0.8856084150131484	0	1	0
yu	1	0.8856084150131484	0	1	0
ʔimc̓ak	1	0.8856084150131484	0	1	0
ʔucuːt	1	0.8856084150131484	0	0	1
ʔatḥiː	1	0.8856084150131484	1	0	0
hita-quː-ʼa·	1	0.8856084150131484	0	1	0
yaqʷ-in̓ak	1	0.8856084150131484	0	1	0
dup#	1	0.8856084150131484	1	0	0
y̓imqimy̓uːƛ	2	0.8856084150131484	0	2	0
p̓išaq	1	0.8856084150131484	0	1	0
šiƛ-sti·s	3	0.8856084150131484	0	3	0
ḥaʔiːčḥ	1	0.8856084150131484	0	1	0
ʕaːkʷ-a·št	2	0.8856084150131484	2	0	0
ʔu-kʷiːɬ-ckʷi·	1	0.8856084150131484	0	1	0
ƛ̓uː-kʷiɬ	1	0.8856084150131484	0	1	0
c̓ikt̓aqis	1	0.8856084150131484	1	0	0
muičačiɬḥ	1	0.8856084150131484	1	0	0
wap̓uːqḥ	1	0.8856084150131484	1	0	0
waʔuːs	3	0.8856084150131484	3	0	0
ma-ʼu·	1	0.8856084150131484	1	0	0
waʔu-iːc	1	0.8856084150131484	0	1	0
c̓awa·-iːc	1	0.8856084150131484	0	1	0
hita-sa(ƛ)-na·k	1	0.8856084150131484	0	1	0
hupic̓atḥ	1	0.8856084150131484	1	0	0
načiqs	2	0.8856084150131484	2	0	0
minwaːʔath	7	0.8856084150131484	7	0	0
t̓a-yu·-a·čišt	1	0.8856084150131484	0	1	0
ʔuː-ci·y̓uk	1	0.8856084150131484	0	1	0
hita-c̓u·-sa(ƛ)	1	0.8856084150131484	1	0	0
kaƛḥak	1	0.8856084150131484	0	1	0
x̣ax	1	0.8856084150131484	0	1	0
šaxʷ-kʷa	1	0.8856084150131484	0	1	0
pu-ʼa·qƛ̓i(ƛ)	1	0.8856084150131484	0	1	0
years	1	0.8856084150131484	0	1	0
č	1	0.8856084150131484	0	1	0
ča	2	0.8856084150131484	2	0	0
kamatqʷ-a·qtu·	1	0.8856084150131484	0	1	0
kamatqʷ-ʼiːḥ	1	0.8856084150131484	0	1	0
t̓an̓a-ckʷi·	1	0.8856084150131484	0	1	0
qacc̓a-i·q-p̓it	1	0.8856084150131484	0	1	0
qum̓aː-kʷi	1	0.8856084150131484	0	1	0
pux-w̓isa·	1	0.8856084150131484	1	0	0
puxʷ-ačišt	1	0.8856084150131484	0	1	0
c̓a-ʔuq-ʼaqƛ-ʔis	2	0.8856084150131484	1	1	0
ʔuqƛ-n̓ukʷ	1	0.8856084150131484	0	1	0
ʔuqƛ-n̓uk	1	0.8856084150131484	0	1	0
hita-ʼaqƛ-sa(ƛ)	1	0.8856084150131484	0	1	0
matak	1	0.8856084150131484	0	1	0
ʔuna-ʔiː-ckʷi·	1	0.8856084150131484	1	0	0
y̓aːqn̓aq-ckʷi·	2	0.8856084150131484	0	2	0
y̓aːqn̓aq	1	0.8856084150131484	0	1	0
kamatqʷ-ʼa·qƛ̓i(ƛ)	1	0.8856084150131484	0	1	0
hiɬ-ḥu·-ʼas	1	0.8856084150131484	1	0	0
ʔuna-č-a·qtu·	2	0.8856084150131484	0	2	0
ʔu-ʕi(ƛ)	1	0.8856084150131484	0	1	0
ʔiːč̓im-ckʷi·	1	0.8856084150131484	0	1	0
ʔu-cḥi	1	0.8856084150131484	0	1	0
ḥaʔuk-ʕi(ƛ)	1	0.8856084150131484	0	1	0
k̓aḥ-kʷa	5	0.8856084150131484	0	5	0
ƛ̓aḥ-iqs	1	0.8856084150131484	1	0	0
qʷi-c̓u·	1	0.8856084150131484	1	0	0
hupaqʷ-anim	1	0.8856084150131484	1	0	0
ʔana-i·ƛ	1	0.8856084150131484	0	1	0
huʔa-a·qtu·	2	0.8856084150131484	0	2	0
ɬuːč̓	1	0.8856084150131484	1	0	0
šic-kʷa	1	0.8856084150131484	0	1	0
x̣ic-kʷa	1	0.8856084150131484	0	1	0
tak-sti·s-ckʷi·	1	0.8856084150131484	0	1	0
n̓up-c̓iq-maːɬ	1	0.8856084150131484	0	1	0
yak-quː-ʼa·	1	0.8856084150131484	0	1	0
hapt-kʷa	1	0.8856084150131484	0	1	0
hin-a·n̓uɬ	1	0.8856084150131484	0	1	0
waɬaːk-ckʷi·	1	0.8856084150131484	0	1	0
č̓itaːpi	2	0.8856084150131484	2	0	0
hiɬ-ʽi·s	1	0.8856084150131484	0	1	0
ƛakiš-pi-ʽiɬ	2	0.8856084150131484	0	2	0
nay̓aq	1	0.8856084150131484	1	0	0
ʔu-l-ḥu·ɬ	1	0.8856084150131484	0	1	0
kamatqʷ-ʼa·qƛ̓as	1	0.8856084150131484	0	1	0
maːqtusiːs	1	0.8856084150131484	1	0	0
qi-ʔiː-cuː	1	0.8856084150131484	0	1	0
hita-ʼa·qƛ̓iƛ-cuː	1	0.8856084150131484	0	1	0
hiɬ-n̓i·q-ʔis	1	0.8856084150131484	0	1	0
dup-n̓ač-ma·p	1	0.8856084150131484	0	1	0
kiƛ-kʷa	1	0.8856084150131484	0	1	0
k̓aḥ-yaq-ʔis	3	0.8856084150131484	0	3	0
maʔaƛkac	1	0.8856084150131484	1	0	0
quʔac-iːc	1	0.8856084150131484	0	1	0
ʔaƛa-ʔi·(ƛ)	1	0.8856084150131484	0	1	0
ʔu-a·s	1	0.8856084150131484	0	1	0
ʔu-ʔi·ya-ačišt	1	0.8856084150131484	0	1	0
sikʷi(ƛ)	1	0.8856084150131484	0	1	0
yaq-ckʷi·	2	0.8856084150131484	2	0	0
ʔu-ʼi(ƛ)-ckʷi·	1	0.8856084150131484	0	1	0
mixt	4	0.8856084150131484	2	2	0
yaq-y̓i·ḥa	1	0.8856084150131484	1	0	0
ḥaʔak	2	0.8856084150131484	0	2	0
ʔu-yi	1	0.8856084150131484	0	1	0
tea	2	0.8856084150131484	2	0	0
tea-ʼi·c	1	0.8856084150131484	0	1	0
čamas	1	0.8856084150131484	0	1	0
šuːkʷa·	1	0.8856084150131484	1	0	0
ʔinkʷ-as	1	0.8856084150131484	0	1	0
ʔinkʷ-as-ckʷi·-matak	1	0.8856084150131484	0	1	0
pitiš-ʼatḥ	1	0.8856084150131484	1	0	0
pitiš	5	0.8856084150131484	0	0	0
wicik	1	0.8856084150131484	0	1	0
ʔiːḥʷ-camis	2	0.8856084150131484	0	2	0
ƛ̓iḥmaɬqim	1	0.8856084150131484	1	0	0
ʔuḥ…wa·…ʔi·š	1	0.8856084150131484	0	1	0
sword	1	0.8856084150131484	0	1	0
č̓it̓uːɬ	2	0.8856084150131484	2	0	0
qiː-yu·k̓ʷaːɬ	2	0.8856084150131484	0	2	0
qu-m̓a·	1	0.8856084150131484	0	1	0
n̓ačiqs	1	0.8856084150131484	1	0	0
hisuɬta	1	0.8856084150131484	0	1	0
ʔuqɬaːp-ckʷi·	1	0.8856084150131484	0	1	0
sačk-sit	1	0.8856084150131484	0	1	0
naq-tu·p	1	0.8856084150131484	1	0	0
nam	2	0.8856084150131484	0	0	0
piskit-ckʷi·-matak	1	0.8856084150131484	0	1	0
ḥus-p̓aɬ	2	0.8856084150131484	1	0	1
c̓isq-mis	1	0.8856084150131484	1	0	0
ʔu-ʼi·c-ckʷi·-matak	1	0.8856084150131484	0	1	0
k̓aḥ-yu·	2	0.8856084150131484	0	2	0
n̓usx̣-is	1	0.8856084150131484	0	1	0
hiːʕaḥs	1	0.8856084150131484	1	0	0
qiː-ckʷi·	1	0.8856084150131484	0	1	0
makʷ-ink	1	0.8856084150131484	0	1	0
dup-ʔana-(č)ink	1	0.8856084150131484	0	1	0
makʷ	1	0.8856084150131484	0	1	0
quʔac-a·s	1	0.8856084150131484	0	1	0
c̓awa·k	1	0.8856084150131484	0	0	1
tiːč-maḥsa	1	0.8856084150131484	0	1	0
ḥačat-suːp	1	0.8856084150131484	1	0	0
ʔuːš-mis-na·k-cim	1	0.8856084150131484	0	1	0
ʔuːš-mis-na·k	1	0.8856084150131484	0	1	0
kʷis-ckʷi·	1	0.8856084150131484	0	1	0
ʼatḥ	5	0.8864451350705237	4	1	0
k̓uː-ʔuɬ	2	0.8864451350705237	0	2	0
ɬaqʷ-ayi·	2	0.8864451350705237	0	2	0
ƛukʷatq-caqa	1	0.8870427922543629	0	1	0
ƛuːkʷaːna	8	0.8870427922543629	4	4	0
ƛ̓iːʔiɬ	1	0.8870427922543629	0	1	0
ʔatḥiː-iy̓u	2	0.8870427922543629	0	2	0
ƛuːkʷaːna-w̓it̓as	1	0.8870427922543629	0	1	0
ʔiːḥ-p̓i·t	2	0.8870427922543629	1	1	0
manuːʔisʔatḥ	1	0.8870427922543629	1	0	0
ʔuːš-cpa·	1	0.8870427922543629	0	1	0
suč̓a-p̓it	1	0.8870427922543629	0	0	1
suč̓a-i·q	1	0.8870427922543629	1	0	0
hiš-uːs	1	0.8870427922543629	0	1	0
pi-ʽiɬ	2	0.8870427922543629	2	0	0
w̓a	2	0.8870427922543629	0	2	0
hita-ʔa·tu	1	0.8870427922543629	0	1	0
ɬuːcsamiːḥ	2	0.8870427922543629	2	0	0
nuːtiːc	1	0.8870427922543629	1	0	0
hita-ʼatu	1	0.8870427922543629	0	1	0
ʽpitap	1	0.8870427922543629	0	1	0
t̓i	1	0.8870427922543629	0	1	0
ʔuːštup	2	0.8870427922543629	2	0	0
ƛ̓učum	1	0.8870427922543629	1	0	0
wiƛ̓uk	1	0.8870427922543629	0	1	0
sa-(y)i·ʔiƛ	1	0.8870427922543629	0	1	0
c̓iːqaː	1	0.8870427922543629	0	1	0
y̓imy̓aːx	1	0.8870427922543629	0	1	0
m̓aːsuːɬ	1	0.8870427922543629	0	1	0
hiɬ-tqyaːpaɬ	1	0.8870427922543629	1	0	0
ʔu-kʷa·ɬ	2	0.8870427922543629	0	2	0
sa-ʕaːq-uɬw-ʼaʔ	1	0.8870427922543629	0	1	0
sa-ʕaːq-uɬw-ʼa·ʔa·	1	0.8870427922543629	0	1	0
numap̓at̓u	2	0.8870427922543629	0	2	0
saː-csuḥta	1	0.8870427922543629	0	1	0
hiːɬtqy-a·p̓aɬ	2	0.8870427922543629	1	1	0
hiniːc-c̓i(ƛ)	1	0.8870427922543629	0	1	0
sus-w̓isč-ʼaʔa·	1	0.8870427922543629	0	1	0
hiniːc-c̓i	1	0.8870427922543629	0	1	0
k̓aḥ-api	1	0.8870427922543629	0	1	0
saya-a·č̓a	3	0.8870427922543629	2	1	0
saya-a·č̓a-matak	1	0.8870427922543629	0	1	0
qʷa-(y)a·tukʷ	1	0.8870427922543629	0	1	0
takaːs	2	0.8870427922543629	0	2	0
hita-ḥt-ʼu·ɬ	1	0.8870427922543629	0	1	0
sa-ʕaːq-uɬw-ʼa·ʔa	1	0.8870427922543629	0	1	0
qʷaː-cxkʷi·	1	0.8870427922543629	0	1	0
naʔaː-ct̓aɬ	2	0.8870427922543629	0	2	0
tak-st̓uq-ʼiƛ	1	0.8870427922543629	0	1	0
ƛaʔuː-ʼi(ƛ)	1	0.8870427922543629	0	1	0
č̓ap-yiːq	2	0.8870427922543629	0	2	0
ƛ̓apḥ	1	0.8870427922543629	0	1	0
taːyiː	1	0.8870427922543629	0	0	0
hin-iːc-c̓i	1	0.8870427922543629	0	1	0
qʷayaːc̓ik-sa	1	0.8870427922543629	1	0	0
tak-a·qtu·	1	0.8870427922543629	0	1	0
mačɬiː	1	0.8870427922543629	1	0	0
mačɬaːtʔatḥ	1	0.8870427922543629	1	0	0
maːn̓uːʔisʔatḥ-iːc	1	0.8870427922543629	1	0	0
c̓iːq-y̓ak	1	0.8870427922543629	1	0	0
ʔuːƛ̓aqči	2	0.8870427922543629	2	0	0
hiɬ-ʼatḥ-ckʷi·	1	0.8870427922543629	0	1	0
nuča·ɬʔatḥ	1	0.8870427922543629	1	0	0
nučaːɬʔatḥ	2	0.8870427922543629	2	0	0
ʔiq-ʔiː-ʼas	1	0.8870427922543629	0	1	0
wiːnapi	1	0.8870427922543629	0	1	0
hin-ʔaɬ-ʼaqƛ	1	0.8870427922543629	0	1	0
ʔuyaː	1	0.8870427922543629	0	1	0
wiːq-ʼaqƛ	2	0.8870427922543629	0	2	0
hinaːs	2	0.8870427922543629	0	2	0
hiɬ-sti·s	1	0.8870427922543629	0	1	0
tak-wiːʔa	1	0.8870427922543629	0	1	0
ʔuːʔuːkiniš	1	0.8870427922543629	1	0	0
čiːqƛisʔatḥ	2	0.8870427922543629	2	0	0
č̓aʔuš-ʼi·c	1	0.8870427922543629	0	1	0
dup-ʔaya-ʼaqƛ-api	1	0.8870427922543629	0	1	0
ʔumaːk	1	0.8870427922543629	0	1	0
tuxʷiːḥa	1	0.8870427922543629	0	1	0
dup-č̓iːk-ḥta	1	0.8870427922543629	0	1	0
sa	1	0.8870427922543629	0	1	0
muː-twi·ʔiɬ	1	0.8870427922543629	0	1	0
ḥa-ʼiḥta-ʔis	2	0.8870427922543629	0	2	0
ʔiq-sčiːk	1	0.8870427922543629	0	1	0
huʔa-p̓in	2	0.8870427922543629	0	2	0
ʕuc̓uːsʔatḥ	2	0.8870427922543629	2	0	0
w̓apuːkḥ	1	0.8870427922543629	1	0	0
hita-wiːʔis	1	0.8870427922543629	0	1	0
niːtiːnaʔatḥ	3	0.8870427922543629	3	0	0
tupq-ʼaqstu(ƛ)	1	0.8870427922543629	0	1	0
ƛ̓atḥ-api	1	0.8870427922543629	1	0	0
ƛ̓atḥak	1	0.8870427922543629	1	0	0
kaps-api	1	0.8870427922543629	1	0	0
miɬ-imy̓uːƛ	1	0.8870427922543629	0	1	0
muː-qumɬ	2	0.8870427922543629	0	1	1
ʔunc̓uk-ʔis	1	0.8870427922543629	0	1	0
ʔuːš-saːc̓u	1	0.8870427922543629	0	1	0
ʕaʔuk-aq	1	0.8870427922543629	1	0	0
ḥismis	1	0.8870427922543629	1	0	0
hiɬ-aqsi-ʔis	1	0.8870427922543629	0	1	0
ʔiiːḥ	1	0.8870427922543629	0	0	1
haʔum-caqa	1	0.8870427922543629	0	1	0
dup#-mukʷ	1	0.8870427922543629	0	1	0
k̓uː-č-ʼiːḥ	1	0.8870427922543629	0	1	0
ʔuːq	4	0.8870427922543629	0	3	0
dup#-c̓iːq	1	0.8870427922543629	0	1	0
haɬim̓aː-aksuɬ	2	0.8870427922543629	0	2	0
qʷay-a·tuk	1	0.8870427922543629	0	1	0
ɬisping	1	0.8870427922543629	0	1	0
woɬves	1	0.8870427922543629	1	0	0
huːʕiːʔatḥ	1	0.8870427922543629	1	0	0
qum̓aː-uːs	1	0.8870427922543629	1	0	0
maḥt̓i·	1	0.8870427922543629	1	0	0
qum̓aː-aqƛ̓-ʼas	1	0.8870427922543629	1	0	0
kʷis-ḥi·-ʼin…a·tuk	1	0.8870427922543629	0	1	0
qʷi-ʕin	1	0.8870427922543629	0	1	0
hašiɬ	1	0.8870427922543629	0	1	0
ʕimt-na·k	2	0.8870427922543629	0	2	0
ƛ̓ay̓u	1	0.8870427922543629	0	1	0
his-i·k-ʼa·qƛ̓as	1	0.8870427922543629	0	1	0
ḥimq	3	0.8870427922543629	0	3	0
ʔu-ʔinkʷ	1	0.8870427922543629	1	0	0
našuk	1	0.8870427922543629	1	0	0
ƛ̓ač	1	0.8870427922543629	0	1	0
t̓aḥ-ʔi·(ƛ)	1	0.8870427922543629	0	1	0
ḥa-caqc̓in(ƛ)	1	0.8870427922543629	0	1	0
niːyaː-ʼatḥ	1	0.8870427922543629	1	0	0
saya-ck	1	0.8870427922543629	0	1	0
ʔiːqḥ-y̓akʷ	1	0.8870427922543629	1	0	0
himwic̓aq-y̓akʷ	2	0.8870427922543629	2	0	0
hita-(c)suḥta	1	0.8870427922543629	0	1	0
c̓axʷ	3	0.8870427922543629	0	3	0
katx-kʷisa-as	1	0.8870427922543629	0	1	0
ʕaːʔiː	3	0.8870427922543629	2	1	0
hiɬ-tqyaːp̓iː-ʼas	1	0.8870427922543629	1	0	0
wik-ʔiː	1	0.8870427922543629	0	1	0
wik-matak	1	0.8870427922543629	0	1	0
ʔuna-č̓a	1	0.8870427922543629	0	1	0
m̓a-y̓uk	1	0.8870427922543629	0	1	0
č̓a-ʼiƛ	1	0.8870427922543629	0	1	0
hawiɬ-ču·	1	0.8870427922543629	0	1	0
ʔiq-yuːya	1	0.8870427922543629	0	1	0
c̓uš-imɬ	1	0.8870427922543629	0	1	0
nasq	1	0.8870427922543629	0	1	0
kutḥ-y̓ak	1	0.8870427922543629	1	0	0
ƛ̓ix-ʼaqƛ-ʼa·ʔa	2	0.8870427922543629	1	1	0
ʔaːʔiːktaqyu-ckʷi·	1	0.8870427922543629	0	1	0
ƛ̓učqak	1	0.8870427922543629	1	0	0
ʔiq-m̓a·-k̓uk	1	0.8870427922543629	0	1	0
paƛ-ḥaː	1	0.8870427922543629	1	0	0
dup-ʔiq-m̓a·-c̓u·	1	0.8870427922543629	0	1	0
ʔanat̓uː	1	0.8870427922543629	0	1	0
yaqʷ-čiː-ʽiɬ	1	0.8870427922543629	1	0	0
ʔink-ʽiɬ	1	0.8870427922543629	1	0	0
paƛk	1	0.8870427922543629	0	1	0
hiɬ-cqi·-na·k	1	0.8870427922543629	0	1	0
n̓aːcsa-na·k	1	0.8870427922543629	0	1	0
nuːtx	1	0.8870427922543629	0	1	0
sa-csuḥta	1	0.8870427922543629	0	1	0
kʷis-??	2	0.8870427922543629	2	0	0
hist	1	0.8870427922543629	0	1	0
hiš-taq	1	0.8870427922543629	0	1	0
ʔuʔiːp	1	0.8870427922543629	0	1	0
yimɬ	1	0.8870427922543629	1	0	0
kitxʷ-matak-ckʷi·-ʔaːɬ-uk…čik	1	0.8870427922543629	0	1	0
nak	1	0.8870427922543629	0	1	0
ʕuy̓i-na·k	1	0.8870427922543629	0	1	0
ḥis	1	0.8870427922543629	0	1	0
ʔu-y̓a·	1	0.8870427922543629	0	1	0
tuxʷ-ačišt	2	0.8870427922543629	0	2	0
his-y̓ak	1	0.8870427922543629	1	0	0
ʔiːčim	1	0.8870427922543629	1	0	0
č̓it-iːt-yaq-pi(ƛ)	1	0.8870427922543629	0	1	0
cubicɬe	1	0.8870427922543629	0	1	0
kuːkuḥʷʼisa-ʼuqs	1	0.8870427922543629	0	1	0
ʔaƛa-qs	1	0.8870427922543629	1	0	0
ʕuy̓i-aːƛ	1	0.8870427922543629	0	1	0
ʔaƛakʷaɬ-taqimɬ	1	0.8870427922543629	0	1	0
suč̓a	1	0.8870427922543629	0	0	0
nup̓uː	1	0.8870427922543629	0	0	0
ʔaƛp̓uː	1	0.8870427922543629	0	0	0
ʔaƛakʷaɬ-sa·ḥtak	1	0.8870427922543629	0	1	0
ʔu-ʔinḥ	1	0.8870427922543629	0	1	0
hiːniːcc̓i	1	0.8870427922543629	0	1	0
ḥa-caqc̓u·-saƛ	1	0.8870427922543629	0	1	0
mačɬiʔatḥ	1	0.8870427922543629	1	0	0
kʷis-caqc̓uqʷ-ʔis	1	0.8870427922543629	1	0	0
maːn̓uːʔisʔatḥ	2	0.8870427922543629	2	0	0
t̓uk̓ʷaːʔatḥ	1	0.8870427922543629	1	0	0
yuːɬuʔiɬʔatḥ	1	0.8870427922543629	1	0	0
huːʕiʔatḥ	1	0.8870427922543629	1	0	0
ʔu-(č)iɬ	1	0.8870427922543629	0	1	0
ḥy̓u·-ʔuːy̓aːš…ims	2	0.8870427922543629	2	0	0
ɬuč-ḥa·	1	0.8870427922543629	0	1	0
ʔu-stukḥ	1	0.8870427922543629	0	1	0
wiːy̓imt	1	0.8870427922543629	0	1	0
qʷi-yu·	1	0.8870427922543629	1	0	0
ʔu-ʔiː	1	0.8870427922543629	0	1	0
tič̓im	1	0.8870427922543629	0	1	0
tuxʷ	1	0.8870427922543629	0	1	0
kimy̓aqis	1	0.8870427922543629	0	0	1
p̓ap̓iː	1	0.8870427922543629	1	0	0
ḥan̓uː-ʼas	1	0.8870427922543629	0	1	0
kuw̓iɬa	6	0.8876404494382023	0	6	0
ʔu-kʷink	2	0.887879512311738	0	2	0
k̓uː	2	0.8909873296677026	0	2	0
kukʷinksi	8	0.8909873296677026	5	1	0
ʕas	3	0.8911068611044706	0	2	0
ḥumapt	2	0.8911068611044706	2	0	0
yac-p̓ič	1	0.8911068611044706	0	1	0
hista-ʼi(ƛ)	4	0.8911068611044706	0	4	0
n̓an̓aːn̓ič	1	0.8911068611044706	0	1	0
ʼas	1	0.8911068611044706	1	0	0
tak-qiːnu(ƛ)	1	0.8911068611044706	0	1	0
qʷi-c-a·pi	1	0.8911068611044706	1	0	0
ḥin-api	1	0.8911068611044706	0	1	0
taːk	2	0.8911068611044706	0	2	0
dup-ciq-inkʷ	1	0.8911068611044706	0	1	0
ḥaːɬ-api	1	0.8911068611044706	1	0	0
dup#-ɬaːkʷ	1	0.8911068611044706	0	1	0
wik-p̓iq	1	0.8911068611044706	0	1	0
ʕačuː	1	0.8911068611044706	0	1	0
n̓ač-iːɬa	1	0.8911068611044706	0	1	0
čama-a·piq-qčik	1	0.8911068611044706	0	1	0
ʔuxʷ	1	0.8911068611044706	0	1	0
qʷi-ʔiː-ʼas	1	0.8911068611044706	1	0	0
ʔuxʷ-ʼi·ƛ	2	0.8911068611044706	0	2	0
quʔac-ʼaqƛ	1	0.8911068611044706	0	1	0
č̓apac-iːɬ-maʕuk	1	0.8911068611044706	0	0	0
ʕiq-ʕaƛ	1	0.8911068611044706	0	1	0
hin-ʔaɬ-ʼaqstup	1	0.8911068611044706	0	1	0
č̓iḥ-su·qƛ-tisim	2	0.8911068611044706	2	0	0
hiɬ-ʼaqƛ	2	0.8911068611044706	1	1	0
č̓iḥ-waḥsuɬ-maḥsa	1	0.8911068611044706	0	1	0
ƛ̓iʔiːkƛ̓ika	1	0.8911068611044706	1	0	0
kukʷiniksi	1	0.8911068611044706	1	0	0
ʔaƛa-c̓as-qi·	1	0.8911068611044706	0	1	0
ƛ̓iḥ	1	0.8911068611044706	0	0	1
ʕiyaːɬ	1	0.8911068611044706	1	0	0
mat-waḥsuɬ	1	0.8911068611044706	0	1	0
hiɬ-qi·	1	0.8911068611044706	1	0	0
č̓apac-maʕuk	1	0.8911068611044706	1	0	0
n̓ač-nmisa	1	0.8911068611044706	0	1	0
č̓iḥ-ʼaqƛ	1	0.8911068611044706	1	0	0
ʔuxʷ-ʔi·(ƛ)	2	0.8911068611044706	0	2	0
ʔuːsa-yaq-ʼas	1	0.8911068611044706	0	1	0
dup#-qʷaː	2	0.8911068611044706	1	1	0
ɬatx̣ʷ	2	0.8911068611044706	0	2	0
čim-ʼitap	1	0.8911068611044706	0	1	0
čim-ʔi·(ƛ)	1	0.8911068611044706	0	1	0
ka-č̓ak	2	0.8911068611044706	2	0	0
n̓up-y̓aɬ	1	0.8911068611044706	0	1	0
qʷaː-ʼas	1	0.8911068611044706	1	0	0
ʔuːna-maḥsa	1	0.8911068611044706	1	0	0
qacc̓a-i·ɬ	1	0.8911068611044706	0	1	0
muː-y̓aɬ	1	0.8911068611044706	0	1	0
suč̓a-i·ɬ	1	0.8911068611044706	0	1	0
n̓upu-i·ɬ	1	0.8911068611044706	0	1	0
ʔaƛpu-i·ɬ	1	0.8911068611044706	0	1	0
c̓awaːkʷaɬ	1	0.8911068611044706	0	0	0
ḥayu-p̓it	2	0.8911068611044706	1	1	0
ʔuːš-cpa·-matak	1	0.8911068611044706	0	1	0
ɬaːḥ	2	0.8911068611044706	1	1	0
čit-ḥta·	1	0.8911068611044706	0	1	0
čim-ʼas	3	0.8911068611044706	0	3	0
ʔuːna-w̓it̓as	1	0.8911068611044706	1	0	0
c̓is-tu·p	2	0.8911068611044706	2	0	0
m̓uksy̓u	1	0.8911068611044706	1	0	0
ʔu-ʼiḥta	1	0.8911068611044706	0	1	0
t̓i-ʕa·ʔat	1	0.8911068611044706	0	1	0
hiš-čut-iɬ	1	0.8911068611044706	0	1	0
qay̓a·xʷ-as	1	0.8911068611044706	1	0	0
ʔuːsa-a·tuk	1	0.8911068611044706	0	0	1
mašiːn	1	0.8911068611044706	0	0	0
č̓apac-iːɬ	10	0.8911068611044706	0	10	0
ʔayi-(š)taq-api	1	0.8911068611044706	0	1	0
p̓inw̓aɬ	2	0.8911068611044706	1	0	0
ʔiːḥ-s	4	0.8911068611044706	1	3	0
č̓apac-sa	1	0.8911068611044706	0	0	0
qacc̓a-p̓it	1	0.8911068611044706	0	1	0
yaqʷ-iɬ-ckʷi·-ʔaːɬ	1	0.8911068611044706	0	1	0
yašmaqac	1	0.8911068611044706	0	0	0
k̓aːkin	3	0.8911068611044706	0	0	0
ʔu-(kʷ)iːɬ	1	0.8911068611044706	0	1	0
ƛ̓icuːɬ	1	0.8911068611044706	1	0	0
ʕaʕaːči	1	0.8911068611044706	0	1	0
siːč̓ak	1	0.8911068611044706	0	1	0
ʔu-č̓akʷ	1	0.8911068611044706	0	1	0
ʕaːs	1	0.8911068611044706	0	0	0
č̓aḥ	4	0.8911068611044706	0	3	0
waː-ʔaːḥ	1	0.8911068611044706	0	1	0
his-taq-iːs	2	0.8911068611044706	0	2	0
hiɬ-yin	11	0.8911068611044706	10	1	0
ƛaː-(q)u·p	2	0.8911068611044706	0	2	0
ƛaː-(q)u·ɬ	1	0.8911068611044706	0	1	0
ƛiča·	10	0.8911068611044706	10	0	0
cik-paɬa	1	0.8911068611044706	0	1	0
ƛiːḥ-cuːt-ʔaːɬ	2	0.8911068611044706	0	2	0
sipuːs	3	0.8911068611044706	3	0	0
čim-caqs	2	0.8911068611044706	2	0	0
ʔu-ca-ḥta·k	2	0.8911068611044706	0	2	0
qac-caqs	3	0.8911068611044706	3	0	0
č̓aḥʷ	8	0.8911068611044706	0	8	0
hiɬ-pi·	1	0.8911068611044706	1	0	0
kʷist-ʼitap	2	0.8911068611044706	0	2	0
kimt-y̓ak	1	0.8911068611044706	1	0	0
kʷatyiːk	2	0.8911068611044706	1	1	0
y̓aːq-s	1	0.8911068611044706	1	0	0
kimt	1	0.8911068611044706	0	1	0
t̓i-ʕa·ʔatu	1	0.8911068611044706	0	1	0
kʷist-ʼi·ƛ	1	0.8911068611044706	0	1	0
his-kʷist-ʼaḥs	2	0.8911068611044706	0	2	0
čit	2	0.8911068611044706	0	2	0
ʔapw̓in-qs	2	0.8911068611044706	2	0	0
his-a·wuɬ	1	0.8911068611044706	0	1	0
ʔuh-ʔaːɬ	1	0.8911068611044706	0	1	0
hiɬ-st̓uːqs	1	0.8911068611044706	0	0	0
dup-tin-ʕin	1	0.8911068611044706	0	1	0
puːkʷ-aɬ	1	0.8911068611044706	0	1	0
suːt	4	0.8911068611044706	0	4	0
qʷit̓a-maḥsa	1	0.8911068611044706	1	0	0
q-ʼaḥs	1	0.8911068611044706	1	0	0
čamaqƛ	4	0.8911068611044706	0	4	0
ʔašx̣	2	0.8911068611044706	0	2	0
hup-y̓ak	1	0.8911068611044706	1	0	0
ʔat̓a	2	0.8911068611044706	0	2	0
hiš-caqs	5	0.8911068611044706	4	1	0
ƛ̓uɬ	1	0.8911068611044706	0	1	0
dup-n̓ač-paɬ	1	0.8911068611044706	0	1	0
yaqʷ-(č)iɬ-čim	1	0.8911068611044706	1	0	0
ƛ̓ačiː	2	0.8911068611044706	0	0	0
cikimin	1	0.8911068611044706	0	0	0
č̓aḥ-y̓ak	1	0.8911068611044706	0	0	0
ʕak-m̓aɬ-st̓uqs-y̓ak	1	0.8911068611044706	0	0	0
ʔu-č̓ak	1	0.8911068611044706	1	0	0
ʔuʔumḥi·	1	0.8911068611044706	0	1	0
qʷit̓a	1	0.8911068611044706	1	0	0
ƛaːm̓aqak	2	0.8911068611044706	0	0	0
ƛaːm̓aq	2	0.8911068611044706	1	1	0
taː-pi·ɬ	2	0.8911068611044706	0	2	0
čiː-ḥt-ʼas-w̓it̓as	1	0.8911068611044706	0	1	0
yaqʷ-uwa-dupː…ʔaːḥi	1	0.8911068611044706	1	0	0
huːʔak-maḥsa	1	0.8911068611044706	0	1	0
waɬ-yaq-pi(ƛ)	2	0.8911068611044706	0	2	0
dup-sakʷ-wa·	2	0.8911068611044706	0	2	0
dup-ʔuːq-wa·	1	0.8911068611044706	0	1	0
čiː-ḥt-ʼas	2	0.8911068611044706	0	2	0
dupː-humt-ʼas	1	0.8911068611044706	1	0	0
ʔuːš-ʔaːɬ	1	0.8911068611044706	0	1	0
saya-čḥʔas	1	0.8911068611044706	1	0	0
hita-csuḥta	1	0.8911068611044706	0	1	0
čiːʔukʷ-ʔis	1	0.8911068611044706	0	1	0
hatk-ma	2	0.8911068611044706	1	0	0
hin-ačišt	1	0.8911068611044706	0	1	0
čiː-ačisth	1	0.8911068611044706	0	1	0
maƛ	1	0.8911068611044706	0	1	0
ʔuːš-taq	1	0.8911068611044706	0	1	0
hupi·	1	0.8911068611044706	0	1	0
čiːʔuk-ʔis	1	0.8911068611044706	0	1	0
kiːɬ-ʼiƛ	1	0.8911068611044706	0	1	0
wiḥaː-ʼitap	1	0.8911068611044706	0	1	0
dupː-yaqʷ-uː	1	0.8911068611044706	1	0	0
čaːni-??	1	0.8911068611044706	0	1	0
čamaːs	2	0.8911068611044706	0	2	0
ḥuq-ʼitap	1	0.8911068611044706	0	1	0
ḥuq-ʼas	1	0.8911068611044706	0	1	0
p̓iḥ	1	0.8911068611044706	0	1	0
qewː	1	0.8911068611044706	1	0	0
qʷi-yu	1	0.8911068611044706	1	0	0
ʔu-kčamaɬča	1	0.8911068611044706	0	1	0
kiḥ-ca·s	1	0.8911068611044706	0	1	0
ʔunw̓iː(ƛ)	1	0.8911068611044706	0	1	0
k̓ic-ca·s	2	0.8911068611044706	0	2	0
kʷin̓aɬ	1	0.8911068611044706	0	1	0
ƛ̓iːxʷ	1	0.8911068611044706	0	1	0
p̓aːčiːna-ʼatḥ	1	0.8911068611044706	1	0	0
čim-ʼi·(ƛ)	1	0.8911068611044706	0	1	0
hup	2	0.8911068611044706	0	2	0
ka-ču·-ʔaːɬ	1	0.8911068611044706	0	1	0
wik-sinḥi	1	0.8911068611044706	0	1	0
dup#-cik-mis	1	0.8911068611044706	0	1	0
ḥuq-ʼa·s	1	0.8911068611044706	0	1	0
ʔuːpi	1	0.8911068611044706	0	1	0
yušu-ink	1	0.8911068611044706	0	1	0
qay̓a·xʷas	2	0.8911068611044706	2	0	0
k̓atyiːk	1	0.8911068611044706	0	1	0
ʔaniːya-č̓ak	1	0.8911068611044706	0	1	0
hiyiq-šaḥap-ckʷi·	1	0.8911068611044706	0	1	0
qay̓u·xʷ	1	0.8911068611044706	0	1	0
ƛ̓ik-u·ɬ	2	0.8911068611044706	0	2	0
ʔuːš-ckʷi·-ʔaːɬ	1	0.8911068611044706	0	1	0
ƛ̓ik-uːɬ	1	0.8911068611044706	0	1	0
iʔaḥ	1	0.8911068611044706	1	0	0
qʷa-(č)iɬ	1	0.8911068611044706	0	1	0
hiš-cuq	1	0.8911068611044706	0	1	0
qay̓a·xʷ	1	0.8911068611044706	0	1	0
č̓itkʔis	2	0.8911068611044706	0	2	0
ɬuːcma-matak	1	0.8911068611044706	0	1	0
č̓am-ic̓i·	1	0.8911068611044706	0	1	0
pi·	1	0.8911068611044706	1	0	0
taːpʔim	1	0.8911068611044706	1	0	0
saːč̓a-ink	2	0.8911068611044706	0	2	0
tapʕaq	4	0.8911068611044706	0	4	0
taːpʕim	2	0.8911068611044706	2	0	0
yaqʷ-siːk	1	0.8911068611044706	0	1	0
ʔunaː-ʕa·či	1	0.8911068611044706	0	1	0
ʔuy-ista-im	1	0.8911068611044706	0	1	0
huʔa-a·s	1	0.8911068611044706	0	1	0
ʔaƛpu-p̓it	1	0.8911068611044706	0	1	0
č̓aːp	1	0.8911068611044706	1	0	0
ʔaya-maḥsa	1	0.8911068611044706	0	1	0
hawiɬ-čaq-y̓akʷ	1	0.8911068611044706	1	0	0
ƛaːmaksim	2	0.8911068611044706	2	0	0
ƛaːmaksunup	1	0.8911068611044706	0	1	0
cik-paɬ	2	0.8911068611044706	0	2	0
dupː-ƛ̓ay̓ixʷ	2	0.8911068611044706	0	2	0
kʷaʔaɬ	2	0.8911068611044706	0	2	0
ʔu-ʼaɬa	1	0.8911068611044706	0	1	0
kʷama	4	0.8911068611044706	4	0	0
ʔu-ʔaɬa	1	0.8911068611044706	0	1	0
tumiːs	2	0.8911068611044706	2	0	0
tas	2	0.8911068611044706	0	2	0
miɬ-a·s	1	0.8911068611044706	0	1	0
tupk-a·s	1	0.8911068611044706	1	0	0
k̓ic-aːʔis	1	0.8911068611044706	0	1	0
ʔiškʷiːc	1	0.8911068611044706	1	0	0
hiɬ-sp̓i·	2	0.8911068611044706	2	0	0
ʔu-ʼa·qsta	1	0.8911068611044706	0	1	0
ƛuːʔak	1	0.8911068611044706	1	0	0
ʔu-ḥʷʼaɬ-ckʷi·	2	0.8911068611044706	0	2	0
ʔišc̓iːp	1	0.8911068611044706	1	0	0
ƛ̓aːqƛ-w̓it̓as	1	0.8911068611044706	1	0	0
sit	1	0.8911068611044706	0	1	0
ʔuc̓inap	1	0.8911068611044706	0	1	0
ƛa	1	0.8911068611044706	0	1	0
y̓as	1	0.8911068611044706	0	1	0
v.wedge	1	0.8911068611044706	1	0	0
tumis	2	0.8911068611044706	0	2	0
hin-as-matak	1	0.8911068611044706	0	1	0
ʔaːʔaːʔiša·	2	0.8911068611044706	0	2	0
dup-c̓iq-ink	2	0.8911068611044706	0	2	0
ʔuxʷ-ʼas-ckʷi·	2	0.8911068611044706	2	0	0
yaːšmaɬ	1	0.8911068611044706	0	1	0
dup#-wiːq-y̓a·	1	0.8911068611044706	0	1	0
wik-sa·ʔa	1	0.8911068611044706	0	1	0
ḥaːʔḥuːp	1	0.8911068611044706	1	0	0
ʔinštis	3	0.8911068611044706	1	2	0
n̓ač-p̓ič	2	0.8911068611044706	0	2	0
hiɬ-tqi·	1	0.8911068611044706	1	0	0
keel	1	0.8911068611044706	0	1	0
čamaqƛ-cuk	1	0.8911068611044706	0	1	0
cikʷ-as	1	0.8911068611044706	0	1	0
hiɬ-ʼakƛi-aqs	1	0.8911068611044706	1	0	0
cik-cuːt	1	0.8911068611044706	0	0	0
wik-ʼaɬuk	1	0.8911068611044706	0	1	0
ʕiːq	4	0.8911068611044706	0	4	0
yaxʷ	3	0.8911068611044706	0	3	0
ʔu-caḥtak	2	0.8911068611044706	0	2	0
ƛičaː	1	0.8911068611044706	1	0	0
šaːxt-as	1	0.8911068611044706	0	1	0
ʔunwiː	1	0.8911068611044706	0	1	0
huʔa-p̓inq-sak	1	0.8911068611044706	0	1	0
qʷaːʔ	1	0.8911068611044706	0	1	0
ʔu-ḥʷʼaɬ-ckʷi·-ʔaːɬ	2	0.8911068611044706	0	2	0
yačaː	3	0.8911068611044706	3	0	0
tin̓uːk	1	0.8911068611044706	0	1	0
sačk-aɬ	2	0.8911068611044706	0	2	0
tas-maɬ-it	1	0.8911068611044706	0	1	0
qʷaː-ckʷi·	1	0.8911068611044706	0	1	0
tukʷa	1	0.8911068611044706	1	0	0
hiːʔuɬa	1	0.8911068611044706	0	1	0
čamaqƛ-ckʷi·	1	0.8911068611044706	0	1	0
č̓iːt	4	0.892421706908917	0	4	0
ʕaciːs	2	0.8927803012192206	0	2	0
wik-ʕaƛ	4	0.89337795840306	0	4	0
waːɬak	4	0.8940951470236671	0	4	0
ʔaƛ-c̓iq	2	0.8948123356442744	0	1	1
tukʷaq	3	0.8969639015060961	3	0	0
ʔumʔi	3	0.8969639015060963	3	0	0
ta	2	0.8974420272531676	0	2	0
č̓iːq-ʼaqa	2	0.8993545302414535	0	2	0
ʔu-ʼa·ɬuk	3	0.8993545302414536	0	3	0
kʷis-tu·p	8	0.8993545302414536	0	8	0
qʷayac̓iːk-štaqumɬ	13	0.9010279703562037	13	0	0
yac	4	0.9016256275400429	0	4	0
wik-ʔaɬ	3	0.9030600047812574	0	3	0
muwač-m̓i·t	34	0.9030600047812576	34	0	0
ʔusit	2	0.9053311020798469	2	0	0
hiš-(č)iɬ	2	0.9054506335166148	1	1	0
ʔinkʷ-ʽiɬ	4	0.9083193879990438	4	0	0
ƛawa	8	0.9086779823093473	0	8	0
qʷaː-wa·	2	0.909873296677026	0	2	0
ƛumk	8	0.9099928281137938	0	8	0
watq	5	0.909992828113794	0	5	0
kaːpap	4	0.9110686110447048	0	4	0
wa·-na·k	4	0.9114272053550083	0	4	0
hiːhiːq-šaḥap	4	0.9123834568491515	0	4	0
maː	6	0.9141764284006695	0	0	0
ƛawa-uɬ	4	0.9151326798948124	0	4	0
ʔu-ckʷi·	2	0.9158498685154195	0	2	0
ʔu-kči·-ʽiɬ	1	0.9158498685154195	0	1	0
y̓ukʷi·q-sasa	1	0.9158498685154195	1	0	0
t̓an̓a-na·k	1	0.9158498685154195	0	1	0
m̓aːn̓uːʔisʔatḥ	1	0.9158498685154195	1	0	0
čaːmat̓a	1	0.9158498685154195	1	0	0
ḥaːḥuːɬ	1	0.9158498685154195	1	0	0
ʔu-cuw̓at	1	0.9158498685154195	0	1	0
[~]	2	0.9158498685154195	0	0	0
ɬuucma	1	0.9158498685154195	1	0	0
qiɬsmaq-ʼaqsup	1	0.9158498685154195	1	0	0
qiɬsmaq-ʼaqsup.	1	0.9158498685154195	1	0	0
qiɬsmaq-ʼatḥ	1	0.9158498685154195	0	1	0
ʔaːnaḥa	1	0.9158498685154195	0	1	0
yaqʔaƛ	1	0.9158498685154195	1	0	0
taqimɬ	1	0.9158498685154195	0	0	0
ʔu-(y)imɬ-ckʷi·	1	0.9158498685154195	0	1	0
c̓uʔičḥ	4	0.9158498685154195	1	3	0
k̓ʷis	4	0.9158498685154195	0	4	0
hiːsaʔac̓aƛ	1	0.9158498685154195	0	1	0
quːʔičiƛ	1	0.9158498685154195	0	1	0
kuḥʷ	1	0.9158498685154195	0	1	0
yaq-čhi	1	0.9158498685154195	1	0	0
ƛaʔuː-čhi	1	0.9158498685154195	0	1	0
saɬ	1	0.9158498685154195	0	1	0
ʔaƛpu-qʔičḥ	2	0.9158498685154195	0	2	0
school	1	0.9158498685154195	1	0	0
ʔuːš-y̓a·	1	0.9158498685154195	0	1	0
naʔaːt	1	0.9158498685154195	0	1	0
ƛiːsƛiːs	1	0.9158498685154195	0	1	0
tiːčas	1	0.9158498685154195	1	0	0
ʔuːš-c̓aɬ	1	0.9158498685154195	0	1	0
wik-y̓a·	1	0.9158498685154195	0	1	0
ƛ̓up-ʽi·čḥ	3	0.9158498685154195	0	3	0
cuw̓it	1	0.9158498685154195	1	0	0
ʕay̓iːčḥ	1	0.9158498685154195	0	1	0
sus-iɬ-aya	1	0.9158498685154195	0	1	0
ʔuːc-ḥn̓a·k	1	0.9158498685154195	0	1	0
caxtqiː	1	0.9158498685154195	1	0	0
dup-qac-čup̓ič	1	0.9158498685154195	0	1	0
n̓up-qimɬ	1	0.9158498685154195	0	0	1
ʔu-ʔi·ʔas	1	0.9158498685154195	0	1	0
hist-(č)iɬ	1	0.9158498685154195	0	1	0
ƛ̓iƛ̓iḥiy̓uuḥ,	1	0.9158498685154195	1	0	0
č̓aty̓a	1	0.9158498685154195	1	0	0
ƛapisum	1	0.9158498685154195	0	0	0
wik-ʔa·ta	1	0.9158498685154195	0	1	0
hačʔinštup	1	0.9158498685154195	1	0	0
ḥaːʔiːsaƛ	1	0.9158498685154195	0	1	0
y̓aʔisi	1	0.9158498685154195	1	0	0
wik-tim	1	0.9158498685154195	0	1	0
kinḥ	2	0.9158498685154195	0	2	0
wik-ʔa·ta-im	1	0.9158498685154195	0	1	0
ƛ̓iḥapiːḥ	3	0.9158498685154195	3	0	0
ʔiʔišpaːɬ	6	0.9158498685154195	6	0	0
ʔu-(ʔ)aːpi	1	0.9158498685154195	0	1	0
ʔiš-ʔuːk	1	0.9158498685154195	0	1	0
ʔu-y̓i·ḥa-in	1	0.9158498685154195	0	1	0
ʔišc̓iːp-m̓i·t	4	0.9158498685154195	3	1	0
čaːnaːƛ	1	0.9158498685154195	0	1	0
ʔuyi-ʼi·sim	1	0.9158498685154195	0	1	0
hupkʷ-ista	3	0.9158498685154195	0	3	0
waʔič-swi·	2	0.9158498685154195	0	2	0
ʔisčc̓iːp-m̓i·t	1	0.9158498685154195	1	0	0
his-i·k-ḥaːɬ	1	0.9158498685154195	0	1	0
tuq	2	0.9158498685154195	0	2	0
ḥuq	2	0.9158498685154195	0	2	0
qʷaː-a·nuːƛ	1	0.9158498685154195	0	1	0
ʔiš-p̓aɬ	2	0.9158498685154195	0	2	0
ƛ̓imcsit	1	0.9158498685154195	1	0	0
qaɬ-ca	1	0.9158498685154195	0	1	0
ʔiq-ḥap	1	0.9158498685154195	0	1	0
mamums	2	0.9158498685154195	2	0	0
qum̓aː-na·k	1	0.9158498685154195	1	0	0
qʷa-na·k	1	0.9158498685154195	1	0	0
huʔa	1	0.9158498685154195	0	1	0
[union man-či(ƛ)-ʼaƛ]	1	0.9158498685154195	0	1	0
wik-paɬ	1	0.9158498685154195	0	1	0
hink̓uːʔas	1	0.9158498685154195	1	0	0
ʔaya-iːp	2	0.9158498685154195	0	2	0
naʔiːq	1	0.9158498685154195	1	0	0
qu-qs	2	0.9158498685154195	0	2	0
wik-ʼaqƛ	1	0.9158498685154195	0	1	0
qʷa-ʼaqƛ	1	0.9158498685154195	1	0	0
čaːnaːt	1	0.9158498685154195	0	1	0
mamuuk	1	0.9158498685154195	0	1	0
hist-anam	1	0.9158498685154195	0	1	0
qu-(kʷ)iːɬ	1	0.9158498685154195	0	1	0
qu-(k)čamaɬčiq	1	0.9158498685154195	0	1	0
m̓aɬ	2	0.9158498685154195	0	2	0
qʷaː-ɬḥs	1	0.9158498685154195	0	1	0
miɬɬ	1	0.9158498685154195	1	0	0
hawiː(ƛ)	2	0.9158498685154195	0	2	0
ƛusmit	1	0.9158498685154195	1	0	0
čaːniː	1	0.9158498685154195	0	1	0
ʔayaq	1	0.9158498685154195	0	1	0
ʔaya-qs	1	0.9158498685154195	0	1	0
[100 ton]	1	0.9158498685154195	0	1	0
n̓up-p̓it	1	0.9158498685154195	0	1	0
ʔaya-c̓inap	1	0.9158498685154195	0	1	0
ʔu-c̓inap	1	0.9158498685154195	0	1	0
qum̓aː-c̓aq	1	0.9158498685154195	1	0	0
ɬuːcsaːm̓iːḥ	1	0.9158498685154195	1	0	0
alberni	3	0.9158498685154195	0	0	0
ʔaːsiːqsu	1	0.9158498685154195	1	0	0
p̓aːčiːna	2	0.9158498685154195	2	0	0
kitḥ-y̓akʷ	1	0.9158498685154195	1	0	0
c̓iːsapiq	1	0.9158498685154195	0	1	0
kʷaʔuːc	1	0.9158498685154195	1	0	0
ƛ̓up-nit	2	0.9158498685154195	2	0	0
huḥtak-maḥsa	1	0.9158498685154195	0	1	0
ʔu-cuːt	1	0.9158498685154195	0	1	0
ḥayu-qʔičḥ	1	0.9158498685154195	0	1	0
hist-ʼi	1	0.9158498685154195	0	1	0
ʔu-cḥin	1	0.9158498685154195	0	1	0
[6 years-ši(ƛ)-ʼaƛ-s]	1	0.9158498685154195	0	1	0
n̓upu-qʔičḥ	1	0.9158498685154195	1	0	0
ʔu-(k)čamaɬčiq	1	0.9158498685154195	0	1	0
ʔuːsḥhy̓ims	1	0.9158498685154195	1	0	0
ʔaƛa-in	2	0.9158498685154195	0	2	0
[third year-k̓uk-ʼaƛ-uk]	1	0.9158498685154195	0	1	0
[third year-ʼaƛ-uk-ʔi·š]	1	0.9158498685154195	0	1	0
[two year-ši(ƛ)-ʼaƛ]	1	0.9158498685154195	0	1	0
[three years-ʼaƛ-s-ʔa·ɬ]	1	0.9158498685154195	0	1	0
yaq-čiːɬ	1	0.9158498685154195	1	0	0
waa	1	0.9158498685154195	0	0	0
huiḥtak	1	0.9158498685154195	0	1	0
ʔašx̣ʷ	1	0.9158498685154195	0	1	0
ʔan-(č)iɬ	1	0.9158498685154195	0	1	0
ƛuɬ-mis	1	0.9158498685154195	1	0	0
ʔayaq-čaː	1	0.9158498685154195	0	1	0
hiyiq-tu·p	1	0.9158498685154195	1	0	0
ʕimt	1	0.9158498685154195	1	0	0
ʔuna	1	0.9158498685154195	1	0	0
hapsy̓up	1	0.9158498685154195	0	0	1
hap-ca·sqi·	1	0.9158498685154195	1	0	0
ƛišƛin	1	0.9158498685154195	1	0	0
č̓isa·q…ḥtim	1	0.9158498685154195	1	0	0
č̓aɬč̓a	4	0.9158498685154195	3	0	0
quːna	1	0.9158498685154195	0	1	0
k̓ac-ʼiƛ	1	0.9158498685154195	0	1	0
qʷisḥ	7	0.9203920631125987	4	3	0
qawiqaːɬ	31	0.9203920631125987	29	2	0
ʔu-ʼaɬuk	1	0.9203920631125987	0	1	0
wi-pap	2	0.9203920631125987	0	2	0
ƛaʔuː-cḥi	1	0.9203920631125987	0	1	0
kʷis-dup…sa·ḥi	1	0.9203920631125987	1	0	0
wik-ʔi·(ƛ)	1	0.9203920631125987	0	1	0
hiɬ-inʕatu	3	0.9203920631125987	1	1	0
ʔuːc̓uqʷaʔi	1	0.9203920631125987	0	1	0
hačɬiːƛ-spa	1	0.9203920631125987	0	1	0
ʔaɬčac	2	0.9203920631125987	2	0	0
naːḥt̓ač	1	0.9203920631125987	1	0	0
ʔaːma	1	0.9203920631125987	1	0	0
k̓aːsč̓a	2	0.9203920631125987	2	0	0
ʔana-uː	1	0.9203920631125987	0	1	0
y̓uːqʷaː-ƛa·	1	0.9203920631125987	0	1	0
ƛaʔu-(k)taq-ʼas	1	0.9203920631125987	1	0	0
ʔaḥʔaː-ƛa·	1	0.9203920631125987	0	1	0
c̓awa·	1	0.9203920631125987	0	1	0
naʔaː-ataḥ-ʼi·sim	1	0.9203920631125987	0	1	0
ʔuyiː	1	0.9203920631125987	0	1	0
aɬa	1	0.9203920631125987	0	1	0
naʔaː-ataḥ	2	0.9203920631125987	0	2	0
ʔuːš-w̓in	1	0.9203920631125987	0	1	0
wik-ʽiɬ	3	0.9203920631125987	0	3	0
tukuːk	12	0.9203920631125987	12	0	0
hiḥ	4	0.9203920631125987	0	4	0
c̓ax	4	0.9203920631125987	1	3	0
ƛ̓ax	1	0.9203920631125987	0	1	0
čiː-(kʷ)ituƛ	1	0.9203920631125987	0	1	0
hiɬ-ʼa·	3	0.9203920631125987	0	3	0
ʔaḥʔaːɬ	1	0.9203920631125987	0	1	0
ʔu-t̓iʔiɬ	1	0.9203920631125987	0	1	0
qʷea-ya·tuk	1	0.9203920631125987	0	1	0
ƛ̓iniːḥak	2	0.9203920631125987	0	2	0
č̓u	5	0.9203920631125987	0	5	0
hin-ʔi·ʔatu	1	0.9203920631125987	0	1	0
ʔiq-sa·cu	1	0.9203920631125987	0	1	0
hiḥ-ʼu(ƛ)	3	0.9203920631125987	1	2	0
ʔana-qs	2	0.9203920631125987	0	2	0
wi-ʔiː	1	0.9203920631125987	0	1	0
ʔaqiʔištiːk	1	0.9203920631125987	1	0	0
ḥacxʷinƛ	1	0.9203920631125987	0	1	0
hin-i·ʔatu	4	0.9203920631125987	0	4	0
qukuːk	1	0.9203920631125987	1	0	0
ʔu-(w)aƛ-ƛa·	1	0.9203920631125987	0	1	0
ʔaƛ	1	0.9203920631125987	0	1	0
ḥačxʷinƛ	4	0.9203920631125987	0	4	0
hisa-qḥɬi	1	0.9203920631125987	0	1	0
sayaː	2	0.9203920631125987	2	0	0
kʷaːc̓inuː	1	0.9203920631125987	1	0	0
ḥiɬ	1	0.9203920631125987	1	0	0
ƛaʔuːkʷiʔatḥ-spa	1	0.9203920631125987	0	1	0
hita-ʼaqƛis	1	0.9203920631125987	0	1	0
qiː-(y)u·k̓ʷaːɬ	2	0.9203920631125987	0	2	0
ḥačx-tu·p	1	0.9203920631125987	0	1	0
qawiqa·ɬ	1	0.9203920631125987	1	0	0
m̓uksy̓i-qc̓aƛ	1	0.9203920631125987	0	1	0
t̓i-qs	1	0.9203920631125987	1	0	0
ƛayuːkʷiƛ	1	0.9203920631125987	0	1	0
p̓uːʔi	2	0.9203920631125987	2	0	0
qʷi-sa·ḥi	1	0.9203920631125987	1	0	0
kʷis-sa·ḥi	1	0.9203920631125987	0	1	0
tuč̓a-csiʔiɬ	1	0.9203920631125987	0	1	0
č̓u-y̓i·ḥa	3	0.9203920631125987	0	3	0
wiḥi-ʼu(ƛ)	3	0.9203920631125987	0	3	0
hiš-ca	1	0.9203920631125987	0	1	0
ʔaʔiːḥ	1	0.9203920631125987	0	0	1
qacqas	1	0.9203920631125987	0	1	0
t̓imyis	2	0.9203920631125987	0	2	0
ḥunqis	2	0.9203920631125987	1	0	0
wiḥi-ʼa·s-ʼatḥ	2	0.9203920631125987	2	0	0
waː-ƛa·	1	0.9203920631125987	0	1	0
ʔu-pap	1	0.9203920631125987	0	1	0
ḥačxʷi·-qčik	1	0.9203920631125987	0	1	0
y̓a·q-naq	3	0.9203920631125987	0	3	0
ʔuːkʷiːqstaƛ	1	0.9203920631125987	0	1	0
kakaw̓in	2	0.9203920631125987	2	0	0
ʔimč̓aːqy̓ak	2	0.9203920631125987	0	2	0
dup-ʔu-kʷink	1	0.9203920631125987	0	1	0
ḥan̓aḥtup	1	0.9203920631125987	0	1	0
ʔint	2	0.9203920631125987	0	2	0
ƛ̓iƛk	2	0.9203920631125987	0	2	0
ʔaʔataɬ	1	0.9203920631125987	0	1	0
cis-insʔiː	1	0.9203920631125987	0	1	0
ƛiḥ-ʽsa(ƛ)	1	0.9203920631125987	0	1	0
k̓ʷiny̓uqʷ-ʔis	1	0.9203920631125987	0	0	0
ʼiḥta-ʼa·	1	0.9203920631125987	1	0	0
wiḥi-ʽsan̓ap	1	0.9203920631125987	0	1	0
ʔaya-qs-ƛa·	1	0.9203920631125987	0	1	0
ʕac̓ik-ƛa·	1	0.9203920631125987	0	1	0
dup-tušk-ʼiːḥ	1	0.9203920631125987	0	1	0
ʔu-ʼinɬ	1	0.9203920631125987	0	1	0
hinat	1	0.9203920631125987	0	1	0
wiːqḥap-w̓it̓as-ʔaːš	1	0.9203920631125987	0	1	0
ḥaʔukʷiƛ̓as	1	0.9203920631125987	0	1	0
qaːḥiːta	1	0.9203920631125987	1	0	0
c̓a-ʔiː-ʼa·	1	0.9203920631125987	1	0	0
č̓aniː	2	0.9203920631125987	0	2	0
qʷis-ƛa·	1	0.9203920631125987	0	1	0
ɬači(ƛ)	1	0.9203920631125987	0	1	0
n̓uwiʔi·qsu	1	0.9203920631125987	1	0	0
k̓acḥ-a·ɬ	1	0.9203920631125987	1	0	0
tukʷ-aq-ʔin	1	0.9203920631125987	1	0	0
ta-maɬ-n̓i·	1	0.9203920631125987	0	1	0
wik-n̓i·	1	0.9203920631125987	0	1	0
ta-ʽsa(ƛ)	3	0.9203920631125987	0	3	0
kʷis-ut-quː-ʼa	1	0.9203920631125987	1	0	0
ʕaʕiƛ	1	0.9203920631125987	0	1	0
ʼaqƛ-ʼiḥta	1	0.9203920631125987	1	0	0
hin-(w)aƛ	2	0.9203920631125987	0	2	0
n̓uw̓i·q	4	0.9203920631125987	0	0	0
quːm̓a-ʔi·(ƛ)	1	0.9203920631125987	0	1	0
ʔuːna-wa·	1	0.9203920631125987	0	1	0
ʔuːš-(č)iɬ	1	0.9203920631125987	0	1	0
c̓awa-(č)iɬ	1	0.9203920631125987	0	1	0
kaː-pap	1	0.9203920631125987	0	1	0
ʔuyi-??	1	0.9203920631125987	0	1	0
č̓u-p̓u·qs	1	0.9203920631125987	0	1	0
mux̣ʷ	1	0.9203920631125987	1	0	0
hačɬatuqʷak	1	0.9203920631125987	0	0	0
ʔukʷ-i·qsta-ckʷi·	1	0.9203920631125987	0	1	0
k̓iɬanus	2	0.9203920631125987	2	0	0
hiš-ʼaːqsḥhin	1	0.9203920631125987	0	1	0
tupkaːpiːḥ	1	0.9203920631125987	1	0	0
ƛ̓is-it	1	0.9203920631125987	1	0	0
ʔukʷi-čink	1	0.9203920631125987	0	1	0
ḥacxʷi·	2	0.9203920631125987	1	1	0
hiɬ-ʼa·ḥi	1	0.9203920631125987	1	0	0
ʔu·q-či	2	0.9203920631125987	0	2	0
ʔuːšc̓aɬ	3	0.9206311259861345	1	2	0
sukʷi(ƛ)-ʼi·č	2	0.9227826918479561	0	2	0
ƛiḥ-ʽsaƛ	2	0.9227826918479561	0	2	0
ʔaːnaḥi	3	0.9240975376524025	0	3	0
ʔaqaq	3	0.9240975376524025	0	3	0
nunuːk-qčik	2	0.9240975376524027	0	2	0
č̓iːma	8	0.9251733205833135	8	0	0
hihiq-tu·p	7	0.9252928520200814	7	0	0
wa·ɬ-ʼaqstuƛ	4	0.9291178579966531	0	4	0
haw̓a-awiːqš	3	0.9303131723643319	0	3	0
t̓aːqaːk	3	0.9306717666746356	0	3	0
ʔu-ayi·	2	0.9322256753526179	0	2	0
ʕa·siq-na·k	3	0.9331819268467607	0	3	0
šiːƛuk	3	0.9331819268467607	0	3	0
č̓i-ʔatu	2	0.9331819268467607	0	2	0
n̓iƛkʷaq	3	0.9331819268467607	0	3	0
maɬ	2	0.9335405211570643	0	2	0
t̓apatḥsi	3	0.9335405211570643	3	0	0
mitxʷ	2	0.9335405211570643	0	2	0
ʕaːnis-m̓i·t	19	0.9336600525938322	19	0	0
ƛuːɬ-ḥap	4	0.9336600525938322	0	4	0
ʔumč̓aːp	4	0.9336600525938322	1	3	0
huːɬ	6	0.9336600525938322	2	4	0
huyaːɬ	3	0.9336600525938322	1	2	0
ʔu-waƛ	4	0.9342577097776715	0	4	0
c̓itkʷ-ʽpiƛ	2	0.934855366961511	0	2	0
suw̓a	2	0.934855366961511	2	0	0
ʔuxʷaːpi	4	0.9355725555821182	3	1	0
kʷi	3	0.9355725555821182	0	3	0
ƛ̓uč̓um-ckʷi·	4	0.9355725555821182	4	0	0
hiɬ-aʕaq-ʽiɬ	2	0.9385608415013148	0	2	0
ʔuː	4	0.9385608415013148	0	0	0
hišuk	3	0.9405928759263688	1	2	0
sukʷi(ƛ)-ʼas	4	0.9413100645469757	0	4	0
siːḥ-iɬ	4	0.9426249103514225	0	4	0
wik-ḥsa·	4	0.9432225675352618	0	4	0
ƛawa-insʔiː	2	0.9451350705235476	0	2	0
ƛ̓iːxʷ-ʼa·qa	2	0.945732727707387	0	2	0
n̓amiɬ	4	0.9464499163279942	0	4	0
čaː	3	0.9464499163279944	0	3	0
kaːʔa	4	0.9533827396605307	0	4	0
siq	2	0.9533827396605307	0	2	0
t̓iqʷ-ʽpiƛ	2	0.9533827396605307	0	2	0
c̓iːk-ʔaɬ	3	0.9533827396605308	0	3	0
quʔušin-m̓i·t	13	0.9533827396605309	13	0	0
w̓aqʔuː	4	0.9533827396605309	0	4	0
wik-siɬa	2	0.9535022710972986	0	2	0
yaqʷ-ʼa·ɬčiqḥ	2	0.9535022710972986	2	0	0
naːty̓aqak	2	0.9536218025340665	2	0	0
saya·-ʔiː	2	0.9536218025340665	0	2	0
hiš-suːƛ	2	0.9536218025340665	0	2	0
hinumsinƛ	2	0.9539803968443701	0	2	0
ʔaƛ-qʔičḥ	3	0.9544585225914417	1	1	0
qacc̓a-qʔičḥ	2	0.9544585225914417	1	0	0
ʔu-ksnaʕaːɬ	5	0.9545780540282095	0	5	0
y̓umḥ	2	0.9548171169017451	0	2	0
siq-iːɬ	2	0.9551757112120487	0	2	0
haši·	2	0.9555343055223523	0	2	0
qʷaː-čiːɬ	2	0.9557733683958881	0	2	0
ʔu·qumḥi-qaq	1	0.9566100884532631	0	1	0
ɬiɬiːtapi	2	0.9566100884532631	0	2	0
čiː-n̓i-san̓ap	1	0.9566100884532631	0	1	0
qiːy-ačišt	1	0.9566100884532631	0	1	0
ƛušinqak	1	0.9566100884532631	1	0	0
saya·-šti·p	1	0.9566100884532631	0	1	0
qʷayac̓iːk-štaqmuɬ	1	0.9566100884532631	1	0	0
yaqʷ-wi·-ʼiɬ	1	0.9566100884532631	1	0	0
wik-ʼa·p	1	0.9566100884532631	0	1	0
hamu·t-naq	2	0.9566100884532631	0	0	0
qun-ʼiḥta	2	0.9566100884532631	0	0	0
ƛ̓iːxʷ-p̓ičḥ	1	0.9566100884532631	0	1	0
ʔaqi-ʔuːk	1	0.9566100884532631	0	1	0
t̓aːqukʷi(ƛ)	2	0.9566100884532631	0	2	0
ƛaʔu-c̓iq	2	0.9566100884532631	2	0	0
ʔuːš-aɬa	2	0.9566100884532631	0	2	0
ʔu·q-iːya	1	0.9566100884532631	0	1	0
šiːƛ	2	0.9566100884532631	0	2	0
ƛ̓iːsw-p̓ičḥ	1	0.9566100884532631	0	1	0
picksy̓iq-naq	1	0.9566100884532631	0	0	0
kiɬ-w̓inq-si	1	0.9566100884532631	0	1	0
hin-iːc-su(ƛ)	1	0.9566100884532631	0	1	0
qʷi-ciy̓uk	1	0.9566100884532631	1	0	0
quːɬ	1	0.9566100884532631	0	1	0
ʔu-ʔiː-cqiː	1	0.9566100884532631	0	1	0
qʷaː-maḥsa	1	0.9566100884532631	1	0	0
ʔu-kči-amaɬči	1	0.9566100884532631	0	1	0
č̓iːmaq-iːɬ	1	0.9566100884532631	0	1	0
c̓awa·-čiɬ	1	0.9566100884532631	0	1	0
muwač-m̓it	1	0.9566100884532631	1	0	0
nunuːk-či·p-ʼi·s	1	0.9566100884532631	0	1	0
ƛ̓ik-aʕaq-ʽpiƛ	1	0.9566100884532631	0	1	0
nu-ʕiƛ	1	0.9566100884532631	0	1	0
ʕaq-c̓aqḥ-t̓a·na	1	0.9566100884532631	0	1	0
nat-misa-ʽipiƛ-t̓a·na	1	0.9566100884532631	0	1	0
k̓aš-ḥta·kʷ-ʽiɬ-t̓a·na	1	0.9566100884532631	0	1	0
ʕaq-c̓aqḥ	1	0.9566100884532631	0	1	0
ḥupt	1	0.9566100884532631	0	1	0
kamatq-wa·s	1	0.9566100884532631	0	1	0
a·ʕatu	1	0.9566100884532631	0	1	0
qs	1	0.9566100884532631	0	1	0
hiɬhin-qs	1	0.9566100884532631	0	1	0
ʔu-a·cqin	2	0.9566100884532631	0	2	0
hup-a·cqi	2	0.9566100884532631	0	2	0
qʷayac̓iːk-mu·t	1	0.9566100884532631	1	0	0
taɬ-tqi·-ʽiɬ	1	0.9566100884532631	0	1	0
čat	2	0.9566100884532631	0	2	0
w̓aː-kum-sa-siɬa	1	0.9566100884532631	0	1	0
ʕuq-ʽiɬ	1	0.9566100884532631	0	1	0
ʔu-ḥta·-w̓it̓as	1	0.9566100884532631	0	1	0
ʔinkʷ-iːɬ	2	0.9566100884532631	0	2	0
pu-mi·piƛ	1	0.9566100884532631	0	1	0
wawaː-cst̓aɬ	1	0.9566100884532631	0	1	0
kamatqʷ-wa·s-na·k	1	0.9566100884532631	0	1	0
wik-aɬc̓a	1	0.9566100884532631	0	1	0
n̓aːčuk-ʼin	2	0.9566100884532631	0	2	0
sukʷiƛ-na·k	1	0.9566100884532631	0	1	0
ʔaʔaːtuː-ʼin	1	0.9566100884532631	0	1	0
ʔak̓uɬi	1	0.9566100884532631	0	1	0
ʔučq-c̓u·	4	0.9566100884532631	4	0	0
sukʷiƛ-či·	2	0.9566100884532631	0	2	0
sukʷi(ƛ)-ʼa·s	1	0.9566100884532631	0	1	0
ʔak̓uɬ-š	1	0.9566100884532631	0	1	0
hiɬ-api-ʽiɬ	1	0.9566100884532631	0	1	0
čaːyixʷ-api-ʽiɬ	1	0.9566100884532631	0	1	0
qiːy-api-ʽiɬ	1	0.9566100884532631	0	1	0
kuḥʷ-iqs	4	0.9566100884532631	0	4	0
yaq-či	1	0.9566100884532631	1	0	0
ʔučq	4	0.9566100884532631	0	4	0
wukʷiƛ	1	0.9566100884532631	0	1	0
pu-n̓i-ʽsaƛ	1	0.9566100884532631	0	1	0
haːʕin-yu	1	0.9566100884532631	0	1	0
hupi·-ʼin-ʔak	1	0.9566100884532631	0	1	0
kaps	1	0.9566100884532631	0	1	0
wiškaː	1	0.9566100884532631	0	1	0
huʔa-c̓in̓ap	1	0.9566100884532631	0	1	0
ʔučqmis	1	0.9566100884532631	1	0	0
ʔukʷa	1	0.9566100884532631	0	1	0
n̓ama-cp̓i·-a·čišt	1	0.9566100884532631	0	1	0
qʷayyac̓iːk-mu·t	1	0.9566100884532631	1	0	0
ʔučq-ʔinƛ	1	0.9566100884532631	0	1	0
yac-ʽsaƛ	1	0.9566100884532631	0	1	0
ʔoːmʔa	1	0.9566100884532631	0	0	0
ʔaḥku·-či·p	1	0.9566100884532631	0	1	0
kist̓a	1	0.9566100884532631	1	0	0
ʔu-ma·p	1	0.9566100884532631	0	1	0
ʕač-ʽsaƛ	1	0.9566100884532631	0	1	0
sup̓icmis	1	0.9566100884532631	1	0	0
ʕup-kswi·q-ʼaqƛ-n̓uk	1	0.9566100884532631	0	1	0
ʔiq-sta-ʽsaƛ	1	0.9566100884532631	0	1	0
hist-a·čiƛ	1	0.9566100884532631	1	0	0
tuxʷ-kʷi-ʽsaƛ	1	0.9566100884532631	0	1	0
m̓a-ʔakʷa	1	0.9566100884532631	0	1	0
ʔana-ʼis-iny̓u	3	0.9566100884532631	0	3	0
taːč̓a	2	0.9566100884532631	2	0	0
taːč̓a-ckʷi·	1	0.9566100884532631	0	1	0
muk-iːp	1	0.9566100884532631	0	1	0
yaq-ʼa·ɬčiqḥ	1	0.9566100884532631	0	0	1
hixʷ	2	0.9567296198900312	0	2	0
ḥaːtḥaːkʷaƛ	3	0.9568491513267989	3	0	0
t̓aːtn̓a-čiːɬ	3	0.9568491513267989	0	3	0
kʷiːsḥin	3	0.956968682763567	0	3	0
ʔiːč̓um	5	0.956968682763567	5	0	0
ʔi·ḥʷ-camis	5	0.956968682763567	0	5	0
naːw̓aḥi	4	0.9588811857518528	0	4	0
hiš-umɬ	4	0.9599569686827636	0	4	0
qʷisḥ-ʼaːḥ	2	0.9658140090843891	1	1	0
yaː-ʼaqƛ-st̓aɬ	2	0.966053071957925	0	2	0
ʕims	1	0.966053071957925	0	1	0
ḥaḥumt̓uː	1	0.966053071957925	1	0	0
ʔuːšc̓aɬuk	1	0.966053071957925	0	1	0
hita-cpa·	1	0.966053071957925	0	1	0
ʔuːš-iːc	1	0.966053071957925	0	1	0
ƛa-qimɬ-ʼas	1	0.966053071957925	0	1	0
kamatq-ʼiːḥ	1	0.966053071957925	0	1	0
wiːq-č̓ap	1	0.966053071957925	0	1	0
hinq	1	0.966053071957925	0	1	0
siːčpaːx	3	0.966053071957925	3	0	0
ʔuːš-a·tuk	1	0.966053071957925	0	1	0
ʔu-a·tuk	1	0.966053071957925	0	1	0
ʔuːš-tu·p-ayi·	1	0.966053071957925	0	1	0
haʔum-štu·p	1	0.966053071957925	1	0	0
ʔinčiɬ-ʔaːɬ	1	0.966053071957925	0	1	0
ʔuːš-ḥtin-qak	1	0.966053071957925	0	1	0
ʔunw̓iːƛ-ckʷi·-ʔaːɬ	1	0.966053071957925	0	1	0
ʔu-č̓ak-ckʷi·	1	0.966053071957925	0	1	0
ʔuːš-ca-panač	1	0.966053071957925	0	1	0
tuḥ-dup…st̓uː	2	0.966053071957925	0	2	0
tuḥ	1	0.966053071957925	0	1	0
ʔaya-ckʷi·	1	0.966053071957925	0	1	0
ḥaːḥuːpa-y̓ak-ƛa·	1	0.966053071957925	0	1	0
č̓iḥ	3	0.966053071957925	0	3	0
wiːq	2	0.966053071957925	0	2	0
wiːqḥap	1	0.966053071957925	0	1	0
ḥaw̓iɬ-aq	1	0.966053071957925	0	0	1
ʔana-ʼinḥi	2	0.966053071957925	0	2	0
ƛ̓aːʔaː-ʽis	1	0.966053071957925	1	0	0
n̓aːcsa-a·ƛ	1	0.966053071957925	0	1	0
m̓uč̓ič-ʔin	1	0.966053071957925	1	0	0
kin̓uc-kʷačyu	2	0.966053071957925	0	2	0
kin̓uc-yu	1	0.966053071957925	0	1	0
wič	1	0.966053071957925	0	1	0
m̓uč̓ič-ʔac-y̓ak	1	0.966053071957925	1	0	0
ʔu-ca-ḥta-k	1	0.966053071957925	0	1	0
čimʔiɬ	3	0.966053071957925	3	0	0
ʔu-ʔi·ya	1	0.966053071957925	0	1	0
muːq-pi(ƛ)	1	0.966053071957925	0	1	0
hiːɬa-ʽiɬ	1	0.966053071957925	1	0	0
hin-as-pi(ƛ)	1	0.966053071957925	0	1	0
citk-pi(ƛ)	2	0.966053071957925	0	2	0
hat̓iːs-ckʷi·-ʔaːɬ	2	0.966053071957925	0	2	0
qʷa-ʔis	1	0.966053071957925	0	1	0
ču-a·pi	1	0.966053071957925	0	1	0
yaq-ʔič	1	0.966053071957925	1	0	0
numaːk-ckʷi·	1	0.966053071957925	0	1	0
hiš-imɬ	1	0.966053071957925	0	1	0
kʷis-aḥi-ckʷi·	1	0.966053071957925	0	1	0
ʔaya-imsuk	1	0.966053071957925	0	1	0
hiš-imɬ-ʼawiƛ	1	0.966053071957925	0	1	0
ḥaːḥuːpa-č̓ak	1	0.966053071957925	0	1	0
wiːq-ḥaːp	1	0.966053071957925	0	1	0
qʷi-ʼi·c-ckʷi·	1	0.966053071957925	1	0	0
ḥim	1	0.966053071957925	0	1	0
ʔu-cḥinƛ-st̓aɬ	1	0.9661726033946928	0	1	0
hist-ʼi(ƛ)	1	0.9661726033946928	0	1	0
ʕaʕa·sḥi	1	0.9661726033946928	0	1	0
yaqʷ-cḥinƛ	1	0.9661726033946928	1	0	0
ciq-ʼas	2	0.9661726033946928	0	2	0
nay̓aqak-šti·p	1	0.9661726033946928	0	1	0
ʔiq-ḥi·	1	0.9661726033946928	0	1	0
ʕic̓aːt	1	0.9661726033946928	0	1	0
ʕic-t̓uːɬa	1	0.9661726033946928	0	1	0
čapxʷ-cuw̓at	7	0.9661726033946928	7	0	0
ʔaƛ-p̓it	1	0.9661726033946928	0	1	0
saːntiː	1	0.9661726033946928	1	0	0
n̓up-qumɬ	1	0.9661726033946928	0	0	1
hiːs	1	0.9661726033946928	0	1	0
čačum	1	0.9661726033946928	0	0	1
ʔam̓a-in	1	0.9661726033946928	0	1	0
ƛa-ʼitap	1	0.9661726033946928	0	1	0
hiːɬ-čiːʕas	1	0.9661726033946928	0	1	0
ʔunic-ʼas	2	0.9661726033946928	1	1	0
ƛa-ʼas-um	1	0.9661726033946928	1	0	0
k̓ʷa-ḥta	1	0.9661726033946928	0	1	0
t̓i-n̓i-ʽisan̓ap	1	0.9661726033946928	0	1	0
ʔu-yi·ya	1	0.9661726033946928	0	1	0
ʔi	1	0.9661726033946928	0	0	0
ɬuč-cuw̓at	2	0.9661726033946928	2	0	0
ḥaːcḥuːɬ	1	0.9661726033946928	0	1	0
čačum-ʽpitap	1	0.9661726033946928	0	1	0
ʔaːy̓uːš-ḥy̓u·-ums	1	0.9661726033946928	1	0	0
ʔu-iːc-wa·s	3	0.9661726033946928	0	3	0
ʔi·ḥʷ-mis	1	0.9661726033946928	1	0	0
yaqʷ-iːc-wa·s-w̓it̓as	1	0.9661726033946928	1	0	0
t̓aːqya	2	0.9661726033946928	0	2	0
qʷayac̓iːk-snaʕaːɬ	1	0.9661726033946928	0	1	0
ʔu-na·kʷ	1	0.9661726033946928	0	1	0
hiš-cuw̓aƛ	1	0.9661726033946928	0	1	0
t̓aːqya-ʽiɬ	1	0.9661726033946928	0	1	0
hinkiːc	1	0.9661726033946928	0	1	0
taːna	2	0.9661726033946928	2	0	0
ʔu-paːɬ	1	0.9661726033946928	0	1	0
ƛayami-aɬa	1	0.9661726033946928	0	1	0
yaqʷ-iːc-wa·s	1	0.9661726033946928	1	0	0
huʔa-ayi·	1	0.9661726033946928	0	1	0
ʔani-iya	2	0.9661726033946928	0	2	0
wik-iːɬ	1	0.9661726033946928	0	1	0
t̓aːtn̓a-na·k	1	0.9661726033946928	0	1	0
waḥ-kʷa	2	0.9661726033946928	0	2	0
huʔa-cḥi	1	0.9661726033946928	0	1	0
qʷiːqsu	1	0.9661726033946928	1	0	0
wik-maʕuk	2	0.9661726033946928	0	2	0
haʔum-taq	1	0.9661726033946928	0	1	0
hiš-maʕuk	1	0.9661726033946928	0	1	0
dup.ƛ-n̓i	1	0.9661726033946928	0	1	0
paskit-iːɬ	1	0.9661726033946928	0	1	0
č̓in̓uqƛ	1	0.9661726033946928	0	1	0
qʷiː-ḥʷʼaɬ	1	0.9674874491991394	1	0	0
siqa-iːɬ	2	0.9674874491991394	0	2	0
tuḥ-ʼin	1	0.9674874491991394	0	1	0
ʔayu-p̓it	1	0.9674874491991394	0	1	0
hiːnip	4	0.9674874491991394	0	4	0
huʔa-as	1	0.9674874491991394	0	1	0
kaƛh	1	0.9674874491991394	0	1	0
his-umɬ-ʽis	1	0.9674874491991394	0	1	0
yac-insʔiː	1	0.9674874491991394	0	1	0
ʔunaḥ-i·y̓uɬ	1	0.9674874491991394	1	0	0
hiːnip-či·p	2	0.9674874491991394	0	2	0
ƛ̓iːxʷ-c̓us-ʼin	2	0.9674874491991394	0	2	0
ʔaqisḥ-cum	1	0.9674874491991394	0	1	0
ʔu-ʕašt	1	0.9674874491991394	0	1	0
ʔi·ḥʷ-p̓it	1	0.9674874491991394	1	0	0
ʔa·s	1	0.9674874491991394	0	1	0
nučḥ	2	0.9674874491991394	0	2	0
čaxt	1	0.9674874491991394	0	1	0
ʔu-n̓a·ḥ-či·p-ʼi·s	1	0.9674874491991394	0	1	0
ʔu-sum	2	0.9674874491991394	0	2	0
w̓anus	1	0.9674874491991394	1	0	0
c̓is-iːc-um	1	0.9674874491991394	1	0	0
maƛ-ʼaːs-um	1	0.9674874491991394	1	0	0
maƛ-p̓ič-ḥta-um	1	0.9674874491991394	1	0	0
qʷi-sum	2	0.9674874491991394	2	0	0
kutḥ	2	0.9674874491991394	1	1	0
siːḥʷ-wi·-ʼiɬ	1	0.9674874491991394	0	1	0
ḥumaqaː	1	0.9674874491991394	0	1	0
ḥumaqa·-či·	1	0.9674874491991394	0	1	0
ḥaːɬm̓aḥi	1	0.9674874491991394	0	1	0
paƛ-ʼiƛ	3	0.9674874491991394	0	3	0
kaɬa	2	0.9674874491991394	0	0	0
taɬa	2	0.9674874491991394	0	0	0
ʔinx	1	0.9674874491991394	0	1	0
ƛ̓uš	2	0.9674874491991394	1	1	0
maƛ-p̓ič-um	1	0.9674874491991394	1	0	0
ƛa-ʽis	1	0.9674874491991394	0	1	0
sačk-ʼiḥta	1	0.9674874491991394	0	1	0
hiš-a·cu	1	0.9674874491991394	0	1	0
y̓aːq	1	0.9674874491991394	0	1	0
yac-inksta-ʽis	1	0.9674874491991394	0	1	0
kaƛḥ-ʕaqstuƛ	1	0.9674874491991394	0	1	0
taːɬ-ʽis	1	0.9674874491991394	0	1	0
tupk	1	0.9674874491991394	0	1	0
hiɬ-tqya·p̓i-aɬ	1	0.9674874491991394	0	1	0
hin-iːc-ckʷi·	1	0.9674874491991394	0	1	0
wiky̓uː	2	0.967726512072675	0	2	0
hapumy̓amum	2	0.9690413578771216	2	0	0
saštup	2	0.9693999521874253	2	0	0
haːʕin	3	0.9693999521874254	0	3	0
c̓awa·-uː	2	0.9695194836241932	1	1	0
yaq-či-ʼatḥ	2	0.9707147979918718	2	0	0
ʔaːna	3	0.9715515180492469	0	3	0
humwic̓a	1	0.9751374611522831	0	1	0
kumt-kʷa	4	0.9751374611522831	0	4	0
quʔušin	2	0.9751374611522831	2	0	0
c̓iːk-iːkʷ	1	0.9751374611522831	0	1	0
haʔuk.	1	0.9751374611522831	0	1	0
mis-p̓u·qs	1	0.9751374611522831	0	1	0
yeː	1	0.9751374611522831	0	1	0
ʔu-sumḥi·	2	0.9751374611522831	0	2	0
haw̓-ʼik	1	0.9751374611522831	0	1	0
ḥanaːqƛ	2	0.9751374611522831	0	2	0
čums-m̓i·t	3	0.9751374611522831	3	0	0
naʔa·-p̓u·qs	1	0.9751374611522831	0	1	0
yac-ma·s	1	0.9751374611522831	0	1	0
mac	1	0.9751374611522831	0	1	0
suːḥʷ-n̓a·ḥ	1	0.9751374611522831	0	1	0
čums-m̓it	1	0.9751374611522831	0	0	0
suːḥʷ-iːp	1	0.9751374611522831	0	1	0
ʕač	1	0.9751374611522831	0	1	0
ɬuːčma	1	0.9751374611522831	1	0	0
čums	4	0.9751374611522831	3	0	0
ƛ̓apč-ʼi·tap	1	0.9751374611522831	0	1	0
siqa	1	0.9751374611522831	0	1	0
k̓ic-nu·xʷiɬ	1	0.9751374611522831	0	1	0
ʕam̓iːt	7	0.9751374611522831	7	0	0
ƛ̓uɬ-apu(ƛ)	2	0.9751374611522831	0	2	0
ʔu-ca-ḥta·kʷ	1	0.9751374611522831	0	1	0
č̓am-ʼi·ƛiɬ	2	0.9751374611522831	0	2	0
ʕiqat	1	0.9751374611522831	0	1	0
c̓ap	1	0.9751374611522831	0	1	0
ʔu-naqa	1	0.9751374611522831	0	1	0
nisw	1	0.9751374611522831	0	1	0
waʔič-ʽpiƛ	1	0.9751374611522831	0	1	0
haw̓a-ʼa·s	1	0.9751374611522831	0	1	0
ʔayisaq-ʼaqƛ	1	0.9751374611522831	0	1	0
dupcvː-c̓iːk-iːk	1	0.9751374611522831	0	1	0
qʷaː-in̓ak̓uːḥ	1	0.9751374611522831	1	0	0
ʔayisaq	1	0.9751374611522831	0	1	0
qʷi-ʼi·c-ʼaːh	1	0.9751374611522831	1	0	0
haʔum-na·k	1	0.9751374611522831	0	1	0
wišq-ʼaqƛ	1	0.9751374611522831	0	1	0
sumt	1	0.9751374611522831	0	1	0
suːḥʷ-ašt	1	0.9751374611522831	1	0	0
ʔaːʔaːtuː	1	0.9751374611522831	0	1	0
qʷiː-ʼatup	1	0.9751374611522831	1	0	0
naʔa·-ʼiːk	1	0.9751374611522831	0	1	0
m̓aw̓aː	1	0.9751374611522831	0	1	0
yaːʔaɬ	1	0.9751374611522831	1	0	0
ʔu-ca·	1	0.9751374611522831	0	1	0
qu	1	0.9751374611522831	0	0	0
qʷis-aya	1	0.9751374611522831	1	0	0
dupcvː-c̓iːk-iːk-kʷačiƛ	1	0.9751374611522831	0	1	0
ma-ʔayiɬ	2	0.9765718383934975	2	0	0
sač̓ica	1	0.9765718383934975	0	1	0
hawiɬ-ʔaːɬ	1	0.9765718383934975	0	1	0
ʕiɬč-snaʕaːɬ	2	0.9765718383934975	0	2	0
ʔu-maːp	1	0.9765718383934975	0	1	0
takaː	1	0.9765718383934975	0	1	0
ɬiciːt	1	0.9765718383934975	0	1	0
ɬicw̓isa	1	0.9765718383934975	0	1	0
c̓awa·-ʼatḥ	1	0.9765718383934975	0	1	0
ʔana-sči-ʼatḥ	1	0.9765718383934975	0	1	0
haʔum-i·ty̓a·p	1	0.9765718383934975	0	1	0
inq-ʽsa(ƛ)	2	0.9765718383934975	0	2	0
qiː-ʽis	1	0.9765718383934975	0	1	0
ʔaʔim-šti·p	1	0.9765718383934975	0	1	0
ƛa-san̓ap	1	0.9765718383934975	0	1	0
č̓iːt-y̓akʷ	1	0.9765718383934975	1	0	0
ɬaqʷ-aqti	1	0.9765718383934975	0	1	0
ɬiḥiyasum	1	0.9765718383934975	1	0	0
k̓uːq	1	0.9765718383934975	0	1	0
y̓ak-iːʔi(ƛ)	1	0.9765718383934975	0	1	0
yaːs-yumɬ-ʽiɬ	1	0.9765718383934975	0	1	0
hapumy̓um	1	0.9765718383934975	1	0	0
huyaːɬ-aqa	1	0.9765718383934975	0	1	0
nuːk-na·k	1	0.9765718383934975	0	1	0
ƛ̓aḥ	3	0.9765718383934975	0	3	0
ʔiq-ʽis	1	0.9765718383934975	0	1	0
ʔu-kʷinkʷ	1	0.9765718383934975	0	1	0
y̓uːkʷiːqsu-sa	1	0.9765718383934975	1	0	0
ʕiḥ-ʼiːk	1	0.9765718383934975	1	0	0
kamatqʷ-iːʔi(ƛ)	1	0.9765718383934975	0	1	0
t̓i-ʼu·p	1	0.9765718383934975	0	1	0
ʔuːš-na·k	1	0.9765718383934975	0	1	0
kʷis-tu·p-aq	1	0.9765718383934975	0	1	0
kʷiːsaḥi	1	0.9765718383934975	0	1	0
c̓istu·p	2	0.9765718383934975	2	0	0
ʔu-kʷiːɬ-na·k	1	0.9765718383934975	0	1	0
ʔu-taḥ	1	0.9765718383934975	0	1	0
c̓is-san̓ap	1	0.9765718383934975	0	1	0
ɬuːč̓-a·n…iya	1	0.9765718383934975	0	1	0
n̓ač-n̓i-ʽsa(ƛ)	1	0.9765718383934975	0	1	0
yaːɬ-ʽis	1	0.9765718383934975	0	1	0
masčum	1	0.9765718383934975	1	0	0
wimaʕin	1	0.9765718383934975	0	1	0
t̓i-misa	2	0.9765718383934975	0	2	0
ƛ̓upk-aksu(ɬ)	1	0.9765718383934975	0	1	0
hiɬ-n̓i·-ʽis	1	0.9765718383934975	0	1	0
t̓i-(w)aʕaq-ʽis	1	0.9765718383934975	0	1	0
t̓i-(w)aʕaq-san̓ap	1	0.9765718383934975	0	1	0
n̓ač-i·s	1	0.9765718383934975	0	1	0
ʕiɬč-na·k	2	0.9765718383934975	2	0	0
ʔuyaqḥ-na·k	2	0.9765718383934975	0	2	0
qiː-kʷa·ɬ	1	0.9765718383934975	0	1	0
ta-ʽis	1	0.9765718383934975	0	1	0
yuxt	1	0.9765718383934975	0	1	0
ƛ̓iptkʷ	1	0.9765718383934975	0	1	0
haɬmi·ḥa	1	0.9765718383934975	0	1	0
wiːq-ʔinƛ	1	0.9765718383934975	0	1	0
wyiːy̓a	1	0.9765718383934975	0	1	0
ɬakʷ	1	0.9765718383934975	0	1	0
qʷi-a·nuːƛ	1	0.9769304327038011	1	0	0
haw̓-a·ḥin	1	0.9769304327038011	0	1	0
ƛaːc̓um	1	0.9769304327038011	0	1	0
qʷis-na·k	1	0.9769304327038011	0	1	0
ʔu-ʼiːḥ-w̓it̓as	1	0.9769304327038011	0	1	0
ʔaʔum-štu·p	1	0.9769304327038011	0	1	0
kaƛḥ-ʼaqstuƛ	1	0.9769304327038011	0	1	0
wiːnap-ʼa·ʔa	1	0.9769304327038011	0	1	0
ɬaḥ-ʼas	1	0.9769304327038011	0	1	0
ʔuːš-tup	1	0.9769304327038011	1	0	0
hiɬ-ʼa·qsta-ʼas	1	0.9769304327038011	0	1	0
ʕamaʕas	1	0.9769304327038011	1	0	0
ʔu-kʷi·qsta	1	0.9769304327038011	0	1	0
husmin	1	0.9769304327038011	1	0	0
t̓aps-atu	1	0.9769304327038011	0	1	0
yaqʷ-in̓ak̓uːḥ	1	0.9769304327038011	1	0	0
ʔu-ca-ḥta·k-sa	3	0.9769304327038011	0	3	0
hin-kʷay̓iːḥ	1	0.9769304327038011	0	1	0
hin-iːp	1	0.9769304327038011	0	1	0
wiḥ-či-san̓ap	1	0.9769304327038011	0	1	0
sup̓ic-ʽis	1	0.9769304327038011	1	0	0
c̓us	2	0.9769304327038011	0	2	0
hatkʷ-c̓u·-san̓ap	1	0.9769304327038011	0	1	0
tuːk-i·č-san̓ap	1	0.9769304327038011	0	1	0
hatkʷ-misa	2	0.9769304327038011	0	2	0
wiːmat	1	0.9769304327038011	0	1	0
qʷi-ʔiː-ʽis	1	0.9769304327038011	1	0	0
kuːhkuḥʷʼisa	1	0.9769304327038011	1	0	0
saya·-ʽis-aʔa	1	0.9769304327038011	0	1	0
ḥaːm̓a-maḥsa	1	0.9769304327038011	0	1	0
wiːmat-ʽis	1	0.9769304327038011	0	1	0
qʷyac̓iːk	1	0.9769304327038011	1	0	0
ʼa·qƛ̓iƛ	2	0.9769304327038011	0	2	0
ma·su·ɬ-qčik	2	0.9769304327038011	0	2	0
tuxʷ-kʷist-ʼa·ʔa	1	0.9769304327038011	0	1	0
c̓us-kʷis-san̓ap	1	0.9769304327038011	0	1	0
č̓i-ʔakʷa	1	0.9769304327038011	0	1	0
huʔa-ḥt-ʼas	1	0.9769304327038011	0	1	0
wik-ʽis-ʕi(ƛ)	1	0.9769304327038011	0	1	0
mis-ma·-ʽis	1	0.9769304327038011	0	1	0
qʷi-ca-ḥta	1	0.9769304327038011	1	0	0
kuːw̓iɬ	2	0.9769304327038011	0	2	0
mitxʷ-umɬ-ʼi·(ƛ)	1	0.9769304327038011	0	1	0
hicnup-ʼaqƛ̓as	1	0.9769304327038011	0	1	0
qiː-či·ɬ	1	0.9769304327038011	1	0	0
ʔaya-ʽ(i)pi(ƛ)	1	0.9769304327038011	1	0	0
tums	1	0.9769304327038011	1	0	0
ik-ʼity̓ak	1	0.9769304327038011	0	1	0
tums-a·p	1	0.9769304327038011	0	1	0
t̓apat-na·k	1	0.9769304327038011	0	1	0
maḥt̓aqas	1	0.9769304327038011	0	1	0
hist-wa·s	1	0.9769304327038011	1	0	0
qʷiš-ckʷi·	1	0.9769304327038011	1	0	0
xaːʔamin	1	0.9769304327038011	1	0	0
puː	1	0.9769304327038011	1	0	0
y̓ak-wa·s	1	0.9769304327038011	0	1	0
ƛ̓is-umɬ-aq	1	0.9769304327038011	0	1	0
ḥaw̓iɬ-matak	1	0.9769304327038011	1	0	0
ƛ̓is-umɬ	1	0.9769304327038011	1	0	0
w̓ašq	1	0.9769304327038011	0	1	0
ma·su·ɬ	1	0.9769304327038011	0	1	0
hiɬ-tqya·p̓i	1	0.9769304327038011	0	1	0
ƛ̓iptk	1	0.9769304327038011	0	1	0
wiːʔis	1	0.9769304327038011	0	1	0
qiː-ʼatḥ	1	0.9769304327038011	0	1	0
hin-(w)a(ƛ)	1	0.9769304327038011	0	1	0
ʔaqis-cum	1	0.9769304327038011	0	1	0
sukʷi(ƛ)-ʼa·s-na·k	1	0.9769304327038011	0	1	0
hiš-umɬ-ʽipiƛ	1	0.9769304327038011	0	1	0
numa-ckʷi·q-aɬ	1	0.9769304327038011	0	1	0
hiːɬ-ciːʕas	1	0.9769304327038011	0	1	0
huʔa-ʼa·qƛ̓iƛ	1	0.9769304327038011	0	1	0
ʔu-a·nuːƛ	1	0.9769304327038011	0	1	0
saːpinq-as	5	0.977049964140569	5	0	0
ciʕas-w̓it̓as	1	0.977049964140569	0	1	0
yawaː	1	0.977049964140569	0	1	0
qʷac̓aɬ-aq	1	0.977049964140569	0	0	1
ƛuɬ-y̓i·ḥa	1	0.977049964140569	0	0	1
ciʕas	1	0.977049964140569	0	1	0
su-cḥinƛ-maḥsa	1	0.977049964140569	0	1	0
su-cḥi-maḥsa	1	0.977049964140569	0	1	0
wikstup	2	0.977049964140569	0	2	0
witqʷ-api	1	0.977049964140569	0	1	0
witq	2	0.977049964140569	0	1	0
wikstup,	1	0.977049964140569	0	0	0
witq-p̓a·	1	0.977049964140569	0	1	0
ʔinis	1	0.977049964140569	0	1	0
ʕas-ayi·	1	0.977049964140569	0	1	0
č̓ikn̓a-m̓i·t	2	0.977049964140569	2	0	0
qʷis-cum	1	0.977049964140569	1	0	0
witqʷ-p̓a·	1	0.977049964140569	0	1	0
nučiː	4	0.977049964140569	4	0	0
ƛ̓am-a·s	2	0.977049964140569	0	2	0
ʕaɬmapt	3	0.977049964140569	3	0	0
qinu	1	0.977049964140569	0	1	0
ƛ̓uɬ-api	1	0.977049964140569	0	1	0
n̓ač-ḥta·kʷ	2	0.977049964140569	0	2	0
ʔič̓a	2	0.977049964140569	0	2	0
ƛ̓uɬ-apuƛ	1	0.977049964140569	0	1	0
wa·-maḥsa	1	0.977049964140569	1	0	0
ɬuḥ	3	0.977049964140569	1	2	0
ʔay̓ix	1	0.977049964140569	0	0	1
wik-in̓ak̓uːḥ	1	0.977049964140569	0	1	0
wiḥ-ʼa·ʔa	1	0.977049964140569	0	0	1
t̓učkqum	1	0.977049964140569	1	0	0
ni-yasu·	1	0.977049964140569	0	1	0
qaḥ-kʷa	3	0.977049964140569	0	3	0
hiɬ-ačišt-ʼatḥ	1	0.977049964140569	0	0	1
hakʷiːḥa	1	0.977049964140569	0	1	0
wiḥ	1	0.977049964140569	0	1	0
ʔi·ḥʷ-siɬa-api	1	0.977049964140569	0	1	0
maːmaːti-stup	1	0.977049964140569	1	0	0
k̓ʷiːšk̓ʷiːk̓ʷa	1	0.977049964140569	1	0	0
č̓ikn̓a	1	0.977049964140569	1	0	0
c̓ixʷatin	1	0.977049964140569	1	0	0
ti·ča	2	0.977049964140569	0	2	0
hiš-ʔa-ḥta·	1	0.977049964140569	0	1	0
c̓awa·-panač	1	0.977049964140569	0	1	0
c̓awa·-činkʷ-ʔaːɬ	1	0.977049964140569	0	1	0
kʷis-qʔičḥ	1	0.977049964140569	0	1	0
wača·k	1	0.977049964140569	0	1	0
saːpin-m̓i·t	1	0.977049964140569	1	0	0
ʔuːš-ink	1	0.977049964140569	0	1	0
y̓umwa·	1	0.977049964140569	0	1	0
ʕac̓ik-ckʷi·	1	0.9782452785082478	0	1	0
hiɬ-ʔaːḥi	1	0.9782452785082478	1	0	0
piḥ-i·s	1	0.9782452785082478	0	1	0
qʷiyu-matak	1	0.9782452785082478	1	0	0
waːsniːp-m̓i·t	7	0.9782452785082478	7	0	0
ƛawaː-ʼas	1	0.9782452785082478	0	1	0
dupcv-ʔu·q	1	0.9782452785082478	0	1	0
wa·ɬ-ʼaqstu(ƛ)	1	0.9782452785082478	0	1	0
k̓at	1	0.9782452785082478	0	1	0
haw̓a-ca·q	1	0.9782452785082478	0	1	0
t̓iqs-ʽpiƛ	1	0.9782452785082478	0	1	0
našaːk	1	0.9782452785082478	0	1	0
haʔuk-w̓it̓as	1	0.9782452785082478	0	1	0
qʷi-ʼi·c-w̓it̓as	1	0.9782452785082478	0	1	0
wa·ɬ-ʼaqƛ	1	0.9782452785082478	0	1	0
n̓ač-maɬ-api	1	0.9782452785082478	0	1	0
tumq	1	0.9782452785082478	0	1	0
ḥačw̓aḥs	5	0.9782452785082478	5	0	0
yac-ʼaḥs	2	0.9782452785082478	0	2	0
ʕišiː	5	0.9782452785082478	5	0	0
tu-wa·s	1	0.9782452785082478	0	1	0
nixtin	2	0.9782452785082478	1	1	0
k̓ač	2	0.9782452785082478	0	2	0
č̓am-aḥuːp	1	0.9782452785082478	0	1	0
ƛaya-ʔum-č	1	0.9782452785082478	0	1	0
huʔa-ʔa·s	1	0.9782452785082478	0	1	0
k̓ama-qs	1	0.9782452785082478	0	1	0
haw̓a-api	1	0.9782452785082478	0	1	0
puʕaɬʔatu	1	0.9782452785082478	0	1	0
w̓ana	1	0.9782452785082478	0	1	0
waːsniːp-m̓it	1	0.9782452785082478	1	0	0
yaːʔaɬ-ʼa·s	1	0.9782452785082478	0	1	0
c̓iːk-s-ʼiːk	1	0.9782452785082478	0	1	0
wa·ɬ-c̓an̓aq	1	0.9782452785082478	0	1	0
yac-sit-ʽsaƛ	1	0.9782452785082478	0	1	0
ʔu-kš	1	0.9782452785082478	0	1	0
kamatqʷ-maɬ-api	1	0.9782452785082478	0	1	0
ʔu-ma·p-ʼiːk	1	0.9782452785082478	0	1	0
ʕiq	1	0.9782452785082478	0	1	0
wim̓aːqstu(ƛ)	1	0.9782452785082478	0	1	0
tuxʷ-mi·s	1	0.9782452785082478	0	1	0
suː	1	0.9782452785082478	0	1	0
ʕam̓aːk̓ʷaɬ	1	0.9782452785082478	0	1	0
c̓iːk-ʼiːk	1	0.9782452785082478	1	0	0
waɬ-kʷa	1	0.9782452785082478	0	1	0
xʷak-yu·	1	0.9782452785082478	0	1	0
hašiy̓in	1	0.9789624671288549	0	1	0
hint	3	0.9789624671288549	0	3	0
qʷis-tu·p	1	0.9789624671288549	0	1	0
ʔu-n̓aḥi	1	0.9789624671288549	0	1	0
čink	2	0.9789624671288549	0	2	0
t̓iqʷ-a·n̓u-ʽsaƛ	1	0.9789624671288549	0	1	0
čam-a·s	1	0.9789624671288549	0	1	0
qiː-yas	1	0.9789624671288549	0	1	0
kʷis-ʼatḥ	5	0.9789624671288549	4	0	1
kʷis-ʼa·tḥ	5	0.9789624671288549	5	0	0
ʔaqi-čiːɬ	2	0.9789624671288549	0	2	0
ʔaqis	1	0.9789624671288549	0	1	0
yaqʷ-iːɬ	1	0.9789624671288549	1	0	0
yaxʷ-maɬ-api	1	0.9789624671288549	0	1	0
n̓a·n̓ič	4	0.9789624671288549	0	4	0
hiniː	1	0.9789624671288549	0	1	0
kʷi·sc-maɬ-snaʕaːɬ	1	0.9789624671288549	0	1	0
ʔaːna-na·k	2	0.9789624671288549	0	2	0
qʷaː-cum	1	0.9789624671288549	1	0	0
hiɬ-cu·t	1	0.9789624671288549	0	1	0
wa·waɬ-p̓ičḥ	1	0.9789624671288549	0	1	0
čat-cu·t-ʼum	1	0.9789624671288549	0	1	0
kʷi-y̓akʷ	1	0.9789624671288549	1	0	0
kʷiːs-ca-a·pi	1	0.9789624671288549	0	1	0
čat-as-ʼakƛi	2	0.9789624671288549	0	2	0
kʷi-č̓akʷ	1	0.9789624671288549	1	0	0
tupk-api	1	0.9789624671288549	0	1	0
kʷi-ckʷi·	1	0.9789624671288549	1	0	0
tu-ʔaɬa	1	0.9789624671288549	0	1	0
ƛ̓uḥ-as-ʼakƛi	2	0.9789624671288549	0	2	0
muk-ʼa·qƛ̓iƛ	1	0.9789624671288549	0	1	0
ʕat̓uː-m̓i·t	7	0.9789624671288549	7	0	0
ʔuxʷaːpiq-iːɬ	2	0.9789624671288549	0	2	0
ʔu-ʼatup	1	0.9789624671288549	0	1	0
kʷiːs-ca-ʔa·p	1	0.9789624671288549	0	1	0
kʷis-ca-ʔa·p-uƛ	1	0.9789624671288549	0	1	0
čaʔaːɬči	1	0.9789624671288549	0	1	0
sus-ačišt	1	0.9789624671288549	0	1	0
ʕat̓uː	2	0.9789624671288549	1	1	0
ƛ̓uq	1	0.9789624671288549	0	1	0
kapxʷ	1	0.9789624671288549	0	1	0
ʔani-(š)tis-wa·	1	0.9789624671288549	0	1	0
hayum	1	0.9789624671288549	0	1	0
yaq-ink	1	0.9789624671288549	1	0	0
naʔa·-ataḥ	2	0.9814726273009802	0	2	0
ʔu-y̓inƛ	3	0.9814726273009803	0	3	0
mamuːk-yaq-ʽiɬ	1	0.9819507530480516	0	1	0
maʔiƛqac	4	0.9819507530480516	4	0	0
t̓eːn̓a	3	0.9819507530480516	3	0	0
naq-uːti	1	0.9819507530480516	0	1	0
c̓iːḥatiq-iːɬ	1	0.9819507530480516	0	1	0
naq-uːti-či·s	1	0.9819507530480516	0	1	0
waːs	1	0.9819507530480516	1	0	0
ʔu-ḥta·-sa	1	0.9819507530480516	0	1	0
xaːšxiːp	8	0.9819507530480516	3	5	0
ɬaːkcaḥi-cum	1	0.9819507530480516	0	1	0
n̓ač-misa	1	0.9819507530480516	0	1	0
ʔu-m̓a-ʔiː	1	0.9819507530480516	0	1	0
mat-misa	1	0.9819507530480516	1	0	0
č̓axʷac	2	0.9819507530480516	2	0	0
wawaː-qčik	2	0.9819507530480516	0	2	0
ni-cwi·	2	0.9819507530480516	0	2	0
kacutum	1	0.9819507530480516	1	0	0
ƛawa-ʔi·	1	0.9819507530480516	0	1	0
ʔuːm	3	0.9819507530480516	0	0	0
mat-wa·s	1	0.9819507530480516	0	1	0
mat-a·s	2	0.9819507530480516	0	2	0
wi-ʕaƛ-p̓ičḥ	1	0.9819507530480516	0	1	0
ʕiḥ-p̓ičḥ	2	0.9819507530480516	0	2	0
t̓iqʷ-ʼi·(ƛ)	1	0.9819507530480516	0	1	0
naq-uːti-ʼi·s	1	0.9819507530480516	0	1	0
naʔa·-suːk	1	0.9819507530480516	0	1	0
qiː-p̓it-ʕaƛ	1	0.9819507530480516	0	1	0
ʔayu-p̓it-ʕaƛ	1	0.9819507530480516	0	1	0
dupcv-č̓iḥ-ḥɬi	1	0.9884054506335167	0	1	0
ƛ̓aḥ-iqs-iːɬ	1	0.9884054506335167	0	1	0
n̓uḥ	1	0.9884054506335167	0	1	0
quːxsum	1	0.9884054506335167	1	0	0
piːcksy̓i	2	0.9884054506335167	2	0	0
hiʔiːs-w̓it̓as	1	0.9884054506335167	1	0	0
c̓us-ʼi·(ƛ)	1	0.9884054506335167	0	1	0
m̓u-ʔakʷa	1	0.9884054506335167	0	1	0
č̓ičmaq	1	0.9884054506335167	0	1	0
his-sta·	1	0.9884054506335167	1	0	0
t̓iqʷ-sči-piƛ	1	0.9884054506335167	0	1	0
ʔuːš-y̓inƛ	1	0.9884054506335167	1	0	0
haɬa·q-p̓uːƛ	1	0.9884054506335167	0	1	0
ʔuːš-aḥta	1	0.9884054506335167	0	1	0
hiš-aḥta	1	0.9884054506335167	0	1	0
dupcv-č̓iḥ-ḥɬi·	1	0.9884054506335167	0	1	0
ʔunič	1	0.9884054506335167	1	0	0
hapt-ʽiɬ	1	0.9884054506335167	0	1	0
n̓uḥ-yaq-ʽiɬ	1	0.9884054506335167	0	1	0
ƛawa-qčik	1	0.9884054506335167	0	1	0
miɬ	1	0.9884054506335167	0	1	0
ƛ̓iːc̓uː	1	0.9884054506335167	0	1	0
maːʔuk	3	0.9894812335644274	0	3	0
haʔum-n̓a·ḥ	1	0.9894812335644274	0	1	0
t̓aqsiːʔiɬ	1	0.9894812335644274	1	0	0
n̓ač-ʼaɬuk	2	0.9894812335644274	0	2	0
ƛ̓aq-swi·-ʼas	2	0.9894812335644274	0	2	0
ʕiːɬmakt	2	0.9894812335644274	2	0	0
pis	1	0.9894812335644274	0	1	0
kaɬapoːɬiya	1	0.9894812335644274	0	1	0
qu-ʼi·c	1	0.9894812335644274	0	1	0
ƛičḥsa	1	0.9894812335644274	1	0	0
cacak̓is	1	0.9894812335644274	1	0	0
ƛaːn̓uɬ	2	0.9894812335644274	2	0	0
qim-aɬ-it-wa·	1	0.9894812335644274	0	1	0
č̓iḥ-su·qƛ	1	0.9894812335644274	0	1	0
qʷi-čis-it	1	0.9894812335644274	1	0	0
puːmaɬ-it	1	0.9894812335644274	0	1	0
hatk-mi·ʔa	1	0.9894812335644274	0	1	0
m̓uːkuːk	2	0.9894812335644274	1	1	0
ʔa·ta	1	0.9894812335644274	0	1	0
k̓aʔaqmis	1	0.9894812335644274	1	0	0
hatkʷ	1	0.9894812335644274	0	1	0
ʔac-ʔin	1	0.9894812335644274	0	1	0
ʔu-kɬaː	1	0.9894812335644274	0	1	0
ʼaḥs	1	0.9894812335644274	1	0	0
wiḥi-sa(ƛ)	1	0.9894812335644274	0	1	0
čam-p̓u·qs	1	0.9894812335644274	0	1	0
huːʔak-sy̓uːč	1	0.9894812335644274	0	1	0
k̓aːʔin	1	0.9894812335644274	1	0	0
ciɬ	1	0.9894812335644274	0	1	0
a·sc̓a	1	0.9894812335644274	0	1	0
taːkšiƛ	1	0.9894812335644274	0	1	0
n̓ač-ʼu·(ƛ)-ʼas	1	0.9894812335644274	0	1	0
mixtuk	1	0.9894812335644274	1	0	0
nawa·s-ʼas	1	0.9894812335644274	0	1	0
ʕiqat-ʕin	1	0.9894812335644274	1	0	0
ḥaːy̓iːs	1	0.9894812335644274	1	0	0
muːɬ-ʔis	1	0.9894812335644274	0	1	0
qʷaːʔuːc	1	0.9894812335644274	1	0	0
ʔam-umɬ	1	0.9896007650011953	0	1	0
qʷaː-ʼaːḥ	1	0.9896007650011953	0	1	0
c̓aḥʷackʷi	2	0.9896007650011953	2	0	0
c̓us-ʼi·tap	4	0.9896007650011953	0	4	0
qʷi-maʕuk-maḥsa	2	0.9896007650011953	2	0	0
ƛ̓aʕiːk	2	0.9896007650011953	0	2	0
t̓ut̓unaxk̓uk	1	0.9896007650011953	1	0	0
pic̓up	1	0.9896007650011953	1	0	0
č̓itapt	1	0.9896007650011953	1	0	0
pikaʔuːq-iːɬ-y̓akʷ	1	0.9896007650011953	0	1	0
paːskit-iːɬ-y̓akʷ	1	0.9896007650011953	0	1	0
ʔana-siɬa-sa	1	0.9896007650011953	0	1	0
ciq-inkʷ	1	0.9896007650011953	0	1	0
ʔu-wink	1	0.9896007650011953	0	1	0
čiːc-y̓akʷ-štu·p	1	0.9896007650011953	1	0	0
wica	2	0.9896007650011953	2	0	0
ʔu-ʼiːḥ	1	0.9896007650011953	0	1	0
c̓us-ʼi·tap-w̓it̓as	1	0.9896007650011953	0	1	0
ʕakʷ	1	0.9896007650011953	1	0	0
ƛaḥ-c̓a	1	0.9896007650011953	0	1	0
ɬawyer	1	0.9896007650011953	0	1	0
ʔu-aqsti·-ckʷi·	1	0.9896007650011953	0	1	0
piːpaː	1	0.9896007650011953	1	0	0
ƛiːsy̓ak	1	0.9896007650011953	1	0	0
ƛ̓ax̣-y̓akʷ	1	0.9896007650011953	1	0	0
ƛ̓ax̣	1	0.9896007650011953	0	1	0
qiː-sasaƛ	1	0.9896007650011953	0	1	0
ʔuːqḥɬi	1	0.9896007650011953	0	1	0
m̓a-ʼiƛ	1	0.9896007650011953	0	1	0
inkʷ	1	0.9896007650011953	0	1	0
ʔiːḥʷ-ckʷi·	1	0.9896007650011953	0	1	0
hayaːqƛ	1	0.9896007650011953	0	1	0
tupʕaqstuƛ	1	0.9896007650011953	0	1	0
tupʕaqƛ	1	0.9896007650011953	0	1	0
ḥa-ʼiƛ	2	0.9896007650011953	0	2	0
wik̓i·t	1	0.9896007650011953	0	1	0
tum-ʼaqstuƛ	2	0.9896007650011953	0	2	0
n̓iƛaːk	1	0.9896007650011953	0	1	0
qaːc-š	1	0.9896007650011953	0	1	0
wiːkš	1	0.9896007650011953	0	1	0
ʔuk-š	1	0.9896007650011953	0	1	0
tum-ʼaqstuːɬ	1	0.9896007650011953	0	1	0
ʔu-ʼiƛ	1	0.9896007650011953	0	1	0
qʷaʔuːc	1	0.9896007650011953	1	0	0
tuškayiɬim-m̓i·t	1	0.9896007650011953	0	1	0
ʔiːḥ-ckʷi·	1	0.9896007650011953	0	1	0
ʔukʷa-iqs	1	0.9896007650011953	0	1	0
ʔaƛa-čiɬ	1	0.9906765479321061	0	1	0
kʷis-ʼatḥ-a	1	0.9906765479321061	0	1	0
ʔiaḥʔaː	1	0.9906765479321061	1	0	0
kʷis-ḥin	1	0.9906765479321061	0	1	0
ƛiːsƛiːsaq-uɬ-ʼas	1	0.9906765479321061	1	0	0
ʔuːš-c̓iːɬ	1	0.9906765479321061	0	1	0
mamaɬn̓iq	2	0.9906765479321061	0	2	0
hawiː	1	0.9906765479321061	1	0	0
ƛiːsƛiːsa	1	0.9906765479321061	0	1	0
waɬaːkʷ	1	0.9906765479321061	0	1	0
mamaɬn̓iq-a	1	0.9906765479321061	0	1	0
wik-sčiːk	1	0.9906765479321061	0	1	0
ḥaːy̓aq-ʼaːɬ	1	0.9906765479321061	0	1	0
hiniːy̓uɬ	1	0.9906765479321061	1	0	0
qʷa-(y)a·tuk	1	0.9906765479321061	1	0	0
wišk	1	0.990796079368874	0	0	0
ƛ̓uː	1	0.990796079368874	0	1	0
qʷaː-(y)a·tuk	1	0.990796079368874	1	0	0
ʔana-panač	1	0.990796079368874	0	1	0
ʔaƛa-panač	1	0.990796079368874	1	0	0
ʔu-iya	1	0.990796079368874	0	1	0
čuu	1	0.990796079368874	0	1	0
ʔu-mac̓uk	1	0.9924695194836242	0	1	0
ƛ̓iːc̓uː-mis	1	0.9924695194836242	1	0	0
n̓ušiƛ	1	0.9924695194836242	1	0	0
n̓ušiƛ-na·k	1	0.9924695194836242	0	1	0
yaʔa·ya-qḥy̓u·	2	0.9924695194836242	2	0	0
hiš-umɬ-ʽipitap	1	0.9924695194836242	0	1	0
hiɬ-ʼa·qsta-ʽiɬ	1	0.9924695194836242	0	1	0
yaː	1	0.9924695194836242	0	1	0
t̓apatḥsi·	1	0.9924695194836242	1	0	0
waːsqʷiː-cum	1	0.9924695194836242	0	1	0
ʔunic-cuk	2	0.9924695194836242	2	0	0
n̓ušiƛ-w̓it̓as	2	0.9924695194836242	0	2	0
hiš-uː	1	0.9924695194836242	0	1	0
qʷi-ʼinɬ	1	0.9924695194836242	1	0	0
n̓iƛy̓ak	1	0.9924695194836242	1	0	0
ḥay̓um	1	0.9924695194836242	1	0	0
p̓a	1	0.9924695194836242	0	1	0
hiš-umɬ-ʽiɬ	1	0.9924695194836242	0	1	0
qʷiyu-cuk	1	0.9924695194836242	1	0	0
t̓učk-ʽiɬ	1	0.9924695194836242	1	0	0
ƛ̓iƛ̓ick̓uk	1	0.9924695194836242	1	0	0
ḥaʔuː-ayi·-ʔaːɬ-ckʷi·	1	0.9924695194836242	0	1	0
ʔana-um-c̓u·	1	0.9924695194836242	0	1	0
haːʔin	1	0.9924695194836242	0	1	0
